epoch,from_worker,to_worker,activity_type,#(activities),t(activities),#(records)
1,3,0,DataMessage,1,1969927,1000
1,3,6,ControlMessage,1,1347504,0
1,15,4,ControlMessage,1,665054010,0
1,9,5,ControlMessage,1,665441178,0
1,12,2,ControlMessage,1,665266005,0
1,11,3,ControlMessage,1,665772822,0
1,15,7,ControlMessage,1,665118468,0
1,12,4,ControlMessage,1,665557622,0
1,8,6,ControlMessage,1,665580402,0
1,12,12,Processing,2,722778,2000
1,15,9,ControlMessage,1,307766,0
1,5,12,ControlMessage,1,0,0
1,10,1,ControlMessage,1,667250223,0
1,10,14,ControlMessage,1,911924,0
1,11,1,ControlMessage,1,667721121,0
1,4,8,ControlMessage,1,0,0
1,7,0,ControlMessage,1,3604282,0
1,15,3,ControlMessage,1,664694877,0
1,5,8,ControlMessage,1,0,0
1,14,1,ControlMessage,1,667162000,0
1,13,2,ControlMessage,1,665281384,0
1,4,4,Processing,2,788282,2000
1,1,11,ControlMessage,1,0,0
1,4,13,ControlMessage,1,0,0
1,14,7,ControlMessage,1,665447766,0
1,7,1,ControlMessage,1,2791907,0
1,5,7,ControlMessage,1,289570,0
1,7,7,Busy,8,417162,0
1,1,0,ControlMessage,1,66135,0
1,3,7,ControlMessage,1,1315984,0
1,9,8,ControlMessage,1,229104,0
1,10,6,ControlMessage,1,665475525,0
1,2,9,ControlMessage,1,271214,0
1,4,4,Waiting,19,668602552,0
1,3,1,ControlMessage,1,2095482,0
1,4,15,ControlMessage,1,0,0
1,7,9,ControlMessage,1,0,0
1,12,0,DataMessage,1,667523494,1000
1,15,10,ControlMessage,1,289353,0
1,6,10,ControlMessage,1,0,0
1,2,3,ControlMessage,1,3438063,0
1,11,0,DataMessage,1,667482144,1000
1,4,12,ControlMessage,1,0,0
1,10,2,ControlMessage,1,665282345,0
1,7,6,ControlMessage,1,400635,0
1,9,9,Spinning,7,243377,0
1,13,13,Busy,10,726238,0
1,0,3,ControlMessage,5,0,0
1,9,9,Busy,9,565630,0
1,14,9,ControlMessage,1,807374,0
1,14,6,ControlMessage,1,665538007,0
1,9,7,ControlMessage,1,665434271,0
1,6,5,ControlMessage,1,633240,0
1,7,7,Waiting,19,668476351,0
1,1,2,ControlMessage,1,0,0
1,10,13,ControlMessage,1,820031,0
1,14,10,ControlMessage,1,729841,0
1,13,9,ControlMessage,1,897218,0
1,12,11,ControlMessage,1,543981,0
1,0,4,ControlMessage,5,0,0
1,3,3,Waiting,18,665542653,0
1,9,2,ControlMessage,1,665641384,0
1,12,14,ControlMessage,1,429821,0
1,15,11,ControlMessage,1,294631,0
1,8,1,ControlMessage,1,667676774,0
1,9,6,ControlMessage,1,665527112,0
1,11,15,ControlMessage,1,1500376,0
1,6,6,Spinning,7,203306,0
1,14,0,ControlMessage,1,669292843,0
1,8,5,ControlMessage,1,665496604,0
1,12,5,ControlMessage,1,665486483,0
1,1,3,ControlMessage,1,1449321,0
1,1,14,ControlMessage,1,0,0
1,13,14,ControlMessage,1,421539,0
1,2,14,ControlMessage,1,338749,0
1,14,11,ControlMessage,1,737337,0
1,6,4,ControlMessage,1,376550,0
1,3,4,ControlMessage,1,1298112,0
1,2,0,ControlMessage,1,2054695,0
1,15,1,ControlMessage,1,666643483,0
1,5,2,ControlMessage,1,982800,0
1,3,14,ControlMessage,1,0,0
1,2,8,ControlMessage,1,278570,0
1,8,13,ControlMessage,1,903473,0
1,2,1,ControlMessage,1,2342639,0
1,4,4,Spinning,7,187213,0
1,11,11,Waiting,18,4480421,0
1,12,7,ControlMessage,1,665479476,0
1,7,3,ControlMessage,1,1336716,0
1,2,2,Spinning,9,403776,0
1,5,13,ControlMessage,1,0,0
1,3,15,ControlMessage,1,0,0
1,3,13,ControlMessage,1,0,0
1,8,4,ControlMessage,1,665565428,0
1,10,10,Processing,2,856276,2000
1,1,1,Waiting,19,669478601,0
1,2,2,Waiting,19,669278432,0
1,6,11,ControlMessage,1,0,0
1,7,13,ControlMessage,1,0,0
1,2,4,ControlMessage,1,2669894,0
1,10,11,ControlMessage,1,124027,0
1,5,14,ControlMessage,1,0,0
1,13,0,ControlMessage,1,669385418,0
1,15,2,ControlMessage,1,664682598,0
1,14,14,Busy,10,671247,0
1,5,5,Waiting,19,668439899,0
1,0,12,ControlMessage,5,0,0
1,3,11,ControlMessage,1,0,0
1,0,2,ControlMessage,5,0,0
1,6,8,ControlMessage,1,0,0
1,11,0,ControlMessage,1,669367167,0
1,4,9,ControlMessage,1,0,0
1,10,10,Spinning,7,253089,0
1,5,5,Processing,2,865409,2000
1,5,5,Spinning,7,210311,0
1,15,15,Spinning,7,338449,0
1,3,2,ControlMessage,1,154057,0
1,1,9,ControlMessage,1,0,0
1,9,11,ControlMessage,1,186221,0
1,2,13,ControlMessage,1,352441,0
1,11,11,Processing,2,714493,2000
1,6,6,Processing,2,752644,2000
1,5,5,Busy,8,403475,0
1,0,13,ControlMessage,5,0,0
1,0,10,ControlMessage,5,0,0
1,13,10,ControlMessage,1,822345,0
1,2,7,ControlMessage,1,2691793,0
1,6,7,ControlMessage,1,380655,0
1,2,5,ControlMessage,1,2916776,0
1,4,7,ControlMessage,1,380872,0
1,7,10,ControlMessage,1,0,0
1,4,6,ControlMessage,1,405107,0
1,7,2,ControlMessage,1,1131120,0
1,3,12,ControlMessage,1,0,0
1,6,6,Waiting,19,668572550,0
1,0,14,ControlMessage,5,0,0
1,14,5,ControlMessage,1,665458865,0
1,9,9,Waiting,18,4447252,0
1,1,1,Busy,10,492730,0
1,9,12,ControlMessage,1,852346,0
1,13,12,ControlMessage,1,264078,0
1,7,15,ControlMessage,1,0,0
1,8,15,ControlMessage,1,1429770,0
1,2,6,ControlMessage,1,2717376,0
1,15,0,ControlMessage,1,668371966,0
1,14,2,ControlMessage,1,665195155,0
1,0,8,ControlMessage,5,0,0
1,5,11,ControlMessage,1,0,0
1,12,13,ControlMessage,1,272242,0
1,4,2,ControlMessage,1,1092293,0
1,3,5,ControlMessage,1,1331879,0
1,3,3,Busy,9,441363,0
1,7,14,ControlMessage,1,0,0
1,14,14,Waiting,18,5648112,0
1,12,12,Waiting,18,5857519,0
1,14,4,ControlMessage,1,665523017,0
1,0,5,ControlMessage,5,0,0
1,11,13,ControlMessage,1,934948,0
1,14,12,ControlMessage,1,175036,0
1,12,3,ControlMessage,1,665321504,0
1,10,10,Waiting,18,4172606,0
1,8,2,ControlMessage,1,665700475,0
1,11,11,Spinning,8,235555,0
1,6,9,ControlMessage,1,0,0
1,4,5,ControlMessage,1,636426,0
1,8,8,Waiting,18,4465661,0
1,5,4,ControlMessage,1,281536,0
1,13,4,ControlMessage,1,665563754,0
1,9,14,ControlMessage,1,1268337,0
1,5,15,ControlMessage,1,0,0
1,13,13,Spinning,8,310230,0
1,1,1,Spinning,9,262674,0
1,6,2,ControlMessage,1,1104339,0
1,1,13,ControlMessage,1,0,0
1,11,11,Busy,10,597080,0
1,12,12,Busy,10,644754,0
1,4,4,Busy,8,325552,0
1,8,8,Busy,10,683387,0
1,0,11,ControlMessage,5,0,0
1,9,13,ControlMessage,1,846258,0
1,15,13,ControlMessage,1,188373,0
1,1,12,ControlMessage,1,0,0
1,11,10,ControlMessage,1,812393,0
1,8,10,ControlMessage,1,781876,0
1,8,7,ControlMessage,1,665489781,0
1,14,15,ControlMessage,1,1281910,0
1,7,5,ControlMessage,1,619563,0
1,4,0,DataMessage,1,2479124,1000
1,15,6,ControlMessage,1,665078460,0
1,11,6,ControlMessage,1,665614742,0
1,15,14,ControlMessage,1,259388,0
1,11,9,ControlMessage,1,502736,0
1,2,2,Busy,10,685281,0
1,1,15,ControlMessage,1,0,0
1,1,7,ControlMessage,1,619825,0
1,10,0,DataMessage,1,669478769,1000
1,5,3,ControlMessage,1,1166581,0
1,13,3,ControlMessage,1,665331360,0
1,9,3,ControlMessage,1,665664475,0
1,11,14,ControlMessage,1,961351,0
1,10,8,ControlMessage,1,257334,0
1,13,13,Waiting,18,5729334,0
1,8,8,Processing,2,742082,2000
1,12,1,ControlMessage,1,667245538,0
1,5,6,ControlMessage,1,350846,0
1,7,7,Processing,2,821682,2000
1,0,0,Busy,28,1926640,0
1,0,0,Processing,35,666729794,50000
1,6,12,ControlMessage,1,0,0
1,6,14,ControlMessage,1,0,0
1,3,3,Processing,2,645941,2000
1,7,12,ControlMessage,1,0,0
1,9,1,ControlMessage,1,667613400,0
1,13,7,ControlMessage,1,665485158,0
1,10,7,ControlMessage,1,665331549,0
1,0,15,ControlMessage,5,0,0
1,9,9,Processing,2,754985,2000
1,4,11,ControlMessage,1,0,0
1,8,12,ControlMessage,1,915716,0
1,14,14,Processing,2,843506,2000
1,5,1,ControlMessage,1,2684860,0
1,5,0,ControlMessage,1,3498386,0
1,3,0,ControlMessage,1,2308951,0
1,6,3,ControlMessage,1,1351688,0
1,15,0,DataMessage,1,668946291,1000
1,14,14,Spinning,8,243405,0
1,3,8,ControlMessage,1,0,0
1,3,10,ControlMessage,1,0,0
1,10,15,ControlMessage,1,1049466,0
1,15,15,Processing,2,817965,2000
1,10,5,ControlMessage,1,665347627,0
1,9,0,ControlMessage,1,669259010,0
1,3,3,Spinning,7,240924,0
1,12,9,ControlMessage,1,888527,0
1,13,8,ControlMessage,1,684685,0
1,13,5,ControlMessage,1,665492604,0
1,14,3,ControlMessage,1,665238699,0
1,8,3,ControlMessage,1,665726607,0
1,10,3,ControlMessage,1,665302510,0
1,14,13,ControlMessage,1,175908,0
1,9,4,ControlMessage,1,665511772,0
1,8,9,ControlMessage,1,470501,0
1,10,9,ControlMessage,1,464601,0
1,12,8,ControlMessage,1,678860,0
1,8,8,Spinning,8,260992,0
1,0,9,ControlMessage,5,0,0
1,9,10,ControlMessage,1,722860,0
1,1,10,ControlMessage,1,0,0
1,13,1,ControlMessage,1,667255116,0
1,2,11,ControlMessage,1,268800,0
1,5,9,ControlMessage,1,0,0
1,7,11,ControlMessage,1,0,0
1,6,0,ControlMessage,1,3616023,0
1,8,0,ControlMessage,1,669322103,0
1,0,7,ControlMessage,5,0,0
1,11,2,ControlMessage,1,665757118,0
1,2,12,ControlMessage,1,399847,0
1,5,0,DataMessage,1,2556320,1000
1,8,14,ControlMessage,1,925507,0
1,0,0,Waiting,14,1273414,0
1,1,4,ControlMessage,1,613225,0
1,4,0,ControlMessage,1,3613115,0
1,2,2,Processing,2,794734,2000
1,7,7,Spinning,7,189174,0
1,7,8,ControlMessage,1,0,0
1,7,0,DataMessage,1,2495085,1000
1,15,8,ControlMessage,1,306843,0
1,3,9,ControlMessage,1,0,0
1,1,6,ControlMessage,1,683213,0
1,10,0,ControlMessage,1,668896471,0
1,6,1,ControlMessage,1,2802288,0
1,6,13,ControlMessage,1,0,0
1,11,5,ControlMessage,1,665529191,0
1,15,15,Busy,9,510445,0
1,12,10,ControlMessage,1,776238,0
1,14,0,DataMessage,1,667557732,1000
1,0,1,ControlMessage,5,1178093,0
1,8,11,ControlMessage,1,246641,0
1,0,0,Spinning,11,397126,0
1,11,7,ControlMessage,1,665521910,0
1,13,15,ControlMessage,1,1369467,0
1,1,8,ControlMessage,1,0,0
1,2,10,ControlMessage,1,615813,0
1,4,10,ControlMessage,1,0,0
1,11,8,ControlMessage,1,312663,0
1,13,11,ControlMessage,1,549621,0
1,4,1,ControlMessage,1,2799257,0
1,10,4,ControlMessage,1,665460250,0
1,12,15,ControlMessage,1,1378045,0
1,11,4,ControlMessage,1,665599513,0
1,8,0,DataMessage,1,667278689,1000
1,1,5,ControlMessage,1,869143,0
1,9,15,ControlMessage,1,1412461,0
1,9,0,DataMessage,1,667440904,1000
1,13,0,DataMessage,1,667526292,1000
1,5,10,ControlMessage,1,0,0
1,0,6,ControlMessage,5,0,0
1,15,5,ControlMessage,1,665136680,0
1,12,12,Spinning,8,213538,0
1,1,1,Processing,2,798916,2000
1,10,10,Busy,9,438299,0
1,1,0,DataMessage,1,1094626,1000
1,2,0,DataMessage,1,3135382,1000
1,2,15,ControlMessage,1,1308464,0
1,7,4,ControlMessage,1,362632,0
1,14,8,ControlMessage,1,802501,0
1,6,0,DataMessage,1,2551538,1000
1,4,3,ControlMessage,1,1280969,0
1,12,6,ControlMessage,1,665573319,0
1,4,14,ControlMessage,1,0,0
1,15,12,ControlMessage,1,160588,0
1,15,15,Waiting,18,4830841,0
1,10,12,ControlMessage,1,773840,0
1,13,6,ControlMessage,1,665579722,0
1,6,15,ControlMessage,1,0,0
1,11,12,ControlMessage,1,953501,0
1,12,0,ControlMessage,1,669317718,0
1,6,6,Busy,8,363033,0
1,13,13,Processing,2,729063,2000
2,14,13,ControlMessage,1,344367,0
2,6,6,Busy,6,277622,0
2,1,9,ControlMessage,1,0,0
2,10,11,ControlMessage,1,347570,0
2,2,10,ControlMessage,1,0,0
2,0,0,Spinning,5,198114,0
2,0,2,ControlMessage,3,0,0
2,8,2,ControlMessage,1,665230802,0
2,0,3,ControlMessage,3,0,0
2,5,6,ControlMessage,1,321472,0
2,15,15,Processing,2,1155297,2000
2,10,5,ControlMessage,1,665332857,0
2,4,4,Spinning,5,200864,0
2,1,1,Waiting,17,5260689,0
2,0,10,ControlMessage,3,0,0
2,7,7,Spinning,5,220976,0
2,1,5,ControlMessage,1,343522,0
2,3,1,ControlMessage,1,2470922,0
2,13,9,ControlMessage,1,385854,0
2,5,15,ControlMessage,1,0,0
2,10,0,ControlMessage,1,667329647,0
2,4,0,DataMessage,1,2786451,1000
2,9,0,DataMessage,1,668046633,1000
2,12,10,ControlMessage,1,378187,0
2,7,0,DataMessage,1,3014432,1000
2,6,8,ControlMessage,1,0,0
2,2,14,ControlMessage,1,0,0
2,7,5,ControlMessage,1,325687,0
2,11,7,ControlMessage,1,665208280,0
2,6,1,ControlMessage,1,2747374,0
2,4,9,ControlMessage,1,0,0
2,4,12,ControlMessage,1,0,0
2,15,5,ControlMessage,1,665078404,0
2,12,15,ControlMessage,1,860427,0
2,14,0,ControlMessage,1,667902317,0
2,6,10,ControlMessage,1,0,0
2,14,14,Spinning,5,213403,0
2,4,4,Busy,6,274413,0
2,12,2,ControlMessage,1,665250161,0
2,15,11,ControlMessage,1,273600,0
2,9,9,Processing,2,866013,2000
2,11,11,Processing,2,926647,2000
2,3,6,ControlMessage,1,2281419,0
2,11,3,ControlMessage,1,664858322,0
2,9,0,ControlMessage,1,667421380,0
2,0,7,ControlMessage,3,0,0
2,11,11,Spinning,6,167351,0
2,0,5,ControlMessage,3,0,0
2,1,8,ControlMessage,1,0,0
2,3,5,ControlMessage,1,2331860,0
2,4,3,ControlMessage,1,828093,0
2,15,14,ControlMessage,1,248267,0
2,9,9,Spinning,6,160850,0
2,15,12,ControlMessage,1,313843,0
2,6,15,ControlMessage,1,0,0
2,8,1,ControlMessage,1,667230414,0
2,3,13,ControlMessage,1,0,0
2,4,2,ControlMessage,1,739173,0
2,13,1,ControlMessage,1,667252949,0
2,1,3,ControlMessage,1,0,0
2,10,7,ControlMessage,1,665316919,0
2,12,0,ControlMessage,1,668243559,0
2,1,11,ControlMessage,1,0,0
2,1,7,ControlMessage,1,327496,0
2,3,0,ControlMessage,1,3261277,0
2,11,2,ControlMessage,1,664854151,0
2,4,4,Waiting,17,5189123,0
2,5,11,ControlMessage,1,0,0
2,9,12,ControlMessage,1,1979035,0
2,14,1,ControlMessage,1,666917069,0
2,11,14,ControlMessage,1,573056,0
2,9,1,ControlMessage,1,666944202,0
2,1,0,ControlMessage,1,1301044,0
2,6,13,ControlMessage,1,0,0
2,15,0,DataMessage,1,668296464,1000
2,11,1,ControlMessage,1,666748577,0
2,14,2,ControlMessage,1,664910913,0
2,11,10,ControlMessage,1,125291,0
2,7,11,ControlMessage,1,0,0
2,14,9,ControlMessage,1,310886,0
2,2,2,Waiting,17,5223932,0
2,13,10,ControlMessage,1,374798,0
2,8,5,ControlMessage,1,665147016,0
2,14,12,ControlMessage,1,488499,0
2,10,14,ControlMessage,1,683203,0
2,3,0,DataMessage,1,2048495,1000
2,10,10,Spinning,6,190698,0
2,1,1,Busy,6,246763,0
2,11,13,ControlMessage,1,1814318,0
2,15,8,ControlMessage,1,273063,0
2,1,2,ControlMessage,1,0,0
2,2,2,Processing,2,943967,2000
2,8,11,ControlMessage,1,192232,0
2,13,3,ControlMessage,1,665331657,0
2,8,10,ControlMessage,1,229315,0
2,1,14,ControlMessage,1,0,0
2,9,11,ControlMessage,1,442645,0
2,0,0,Waiting,15,1040707,0
2,10,6,ControlMessage,1,665344681,0
2,5,3,ControlMessage,1,819225,0
2,4,8,ControlMessage,1,0,0
2,4,1,ControlMessage,1,2739759,0
2,8,0,DataMessage,1,669630677,1000
2,3,15,ControlMessage,1,0,0
2,2,0,ControlMessage,1,3210647,0
2,10,8,ControlMessage,1,896446,0
2,15,1,ControlMessage,1,666741297,0
2,1,4,ControlMessage,1,297457,0
2,12,0,DataMessage,1,668708916,1000
2,11,11,Waiting,17,5278870,0
2,6,14,ControlMessage,1,0,0
2,3,3,Busy,6,221603,0
2,1,1,Processing,2,1124088,2000
2,9,3,ControlMessage,1,665063458,0
2,13,4,ControlMessage,1,664986541,0
2,6,6,Waiting,17,5190698,0
2,4,7,ControlMessage,1,298375,0
2,7,2,ControlMessage,1,757189,0
2,14,4,ControlMessage,1,665173794,0
2,5,7,ControlMessage,1,293833,0
2,12,11,ControlMessage,1,381188,0
2,7,12,ControlMessage,1,0,0
2,9,9,Busy,7,349220,0
2,11,11,Busy,7,385166,0
2,2,2,Busy,6,257139,0
2,4,13,ControlMessage,1,0,0
2,0,12,ControlMessage,3,0,0
2,14,3,ControlMessage,1,664995743,0
2,0,1,ControlMessage,3,390820,0
2,7,14,ControlMessage,1,0,0
2,9,7,ControlMessage,1,665411675,0
2,7,7,Busy,6,342537,0
2,4,14,ControlMessage,1,0,0
2,6,6,Spinning,5,206200,0
2,10,10,Processing,2,878424,2000
2,9,15,ControlMessage,1,778211,0
2,4,5,ControlMessage,1,314355,0
2,13,0,ControlMessage,1,668238522,0
2,1,15,ControlMessage,1,0,0
2,13,11,ControlMessage,1,377459,0
2,13,15,ControlMessage,1,856484,0
2,3,11,ControlMessage,1,0,0
2,10,4,ControlMessage,1,665312820,0
2,10,15,ControlMessage,1,2429549,0
2,2,2,Spinning,5,192439,0
2,7,13,ControlMessage,1,0,0
2,0,14,ControlMessage,3,0,0
2,7,7,Processing,2,1019634,2000
2,6,11,ControlMessage,1,0,0
2,8,8,Spinning,5,209761,0
2,9,8,ControlMessage,1,987357,0
2,4,10,ControlMessage,1,0,0
2,14,15,ControlMessage,1,519630,0
2,4,0,ControlMessage,1,4746074,0
2,5,10,ControlMessage,1,0,0
2,4,11,ControlMessage,1,0,0
2,13,7,ControlMessage,1,665092925,0
2,13,13,Busy,7,366068,0
2,14,14,Waiting,26,6275884,0
2,14,14,Processing,2,1004590,2000
2,0,11,ControlMessage,3,0,0
2,12,1,ControlMessage,1,667256266,0
2,9,14,ControlMessage,1,778805,0
2,3,3,Spinning,5,154468,0
2,12,14,ControlMessage,1,765448,0
2,11,6,ControlMessage,1,665235081,0
2,13,0,DataMessage,1,668694010,1000
2,15,7,ControlMessage,1,665083182,0
2,8,8,Busy,6,320155,0
2,14,6,ControlMessage,1,665213781,0
2,9,9,Waiting,17,5461285,0
2,12,8,ControlMessage,1,370405,0
2,8,14,ControlMessage,1,1819380,0
2,13,8,ControlMessage,1,366521,0
2,5,9,ControlMessage,1,0,0
2,3,10,ControlMessage,1,0,0
2,15,3,ControlMessage,1,664819925,0
2,15,15,Spinning,5,230583,0
2,6,6,Processing,2,1028516,2000
2,11,9,ControlMessage,1,260390,0
2,11,8,ControlMessage,1,786240,0
2,2,8,ControlMessage,1,0,0
2,8,15,ControlMessage,1,1960352,0
2,10,10,Busy,7,351863,0
2,5,5,Processing,2,1003488,2000
2,0,15,ControlMessage,3,0,0
2,10,2,ControlMessage,1,664805784,0
2,12,9,ControlMessage,1,389241,0
2,7,4,ControlMessage,1,300787,0
2,6,5,ControlMessage,1,325584,0
2,7,1,ControlMessage,1,2756917,0
2,2,0,DataMessage,1,2067764,1000
2,0,9,ControlMessage,3,0,0
2,14,11,ControlMessage,1,335407,0
2,8,13,ControlMessage,1,1415899,0
2,13,14,ControlMessage,1,762217,0
2,13,12,ControlMessage,1,300210,0
2,5,4,ControlMessage,1,289734,0
2,8,7,ControlMessage,1,665119577,0
2,11,0,ControlMessage,1,667223479,0
2,12,13,ControlMessage,1,304651,0
2,6,0,ControlMessage,1,4753537,0
2,8,8,Processing,2,1074922,2000
2,7,15,ControlMessage,1,0,0
2,5,12,ControlMessage,1,0,0
2,5,8,ControlMessage,1,0,0
2,12,6,ControlMessage,1,664999220,0
2,5,0,ControlMessage,1,4736807,0
2,14,8,ControlMessage,1,336672,0
2,10,3,ControlMessage,1,664968463,0
2,5,13,ControlMessage,1,0,0
2,12,12,Busy,7,527828,0
2,12,4,ControlMessage,1,664990072,0
2,0,0,Busy,15,870361,0
2,6,12,ControlMessage,1,0,0
2,2,4,ControlMessage,1,2205345,0
2,6,7,ControlMessage,1,309896,0
2,10,12,ControlMessage,1,1923879,0
2,5,5,Waiting,17,5150268,0
2,15,9,ControlMessage,1,278749,0
2,3,3,Waiting,17,5397277,0
2,1,13,ControlMessage,1,0,0
2,9,13,ControlMessage,1,1979658,0
2,10,9,ControlMessage,1,167840,0
2,2,15,ControlMessage,1,0,0
2,1,10,ControlMessage,1,0,0
2,7,9,ControlMessage,1,0,0
2,0,0,Processing,27,4671423,50000
2,3,14,ControlMessage,1,0,0
2,13,13,Waiting,26,6351268,0
2,7,10,ControlMessage,1,0,0
2,2,6,ControlMessage,1,2207753,0
2,12,7,ControlMessage,1,665091702,0
2,14,0,DataMessage,1,668477747,1000
2,9,6,ControlMessage,1,665439668,0
2,4,4,Processing,2,1046673,2000
2,2,5,ControlMessage,1,2254770,0
2,2,7,ControlMessage,1,2238736,0
2,12,12,Processing,2,886693,2000
2,2,13,ControlMessage,1,0,0
2,11,15,ControlMessage,1,2319101,0
2,4,6,ControlMessage,1,326222,0
2,5,14,ControlMessage,1,0,0
2,15,15,Busy,7,394091,0
2,0,13,ControlMessage,3,0,0
2,5,5,Busy,6,359542,0
2,10,1,ControlMessage,1,666858643,0
2,9,2,ControlMessage,1,664899974,0
2,3,9,ControlMessage,1,0,0
2,8,12,ControlMessage,1,1415379,0
2,6,2,ControlMessage,1,747569,0
2,12,12,Spinning,6,285597,0
2,1,12,ControlMessage,1,0,0
2,8,4,ControlMessage,1,665074993,0
2,9,10,ControlMessage,1,330909,0
2,13,6,ControlMessage,1,664995649,0
2,15,4,ControlMessage,1,664999080,0
2,15,2,ControlMessage,1,664735382,0
2,11,5,ControlMessage,1,665223575,0
2,11,12,ControlMessage,1,1813920,0
2,14,5,ControlMessage,1,665248105,0
2,5,1,ControlMessage,1,2730686,0
2,5,0,DataMessage,1,2888502,1000
2,7,7,Waiting,17,5164389,0
2,10,0,DataMessage,1,668049219,1000
2,3,2,ControlMessage,1,412112,0
2,14,14,Busy,7,499516,0
2,10,13,ControlMessage,1,1924188,0
2,7,3,ControlMessage,1,845650,0
2,3,12,ControlMessage,1,0,0
2,5,5,Spinning,5,218566,0
2,13,13,Spinning,6,232396,0
2,3,8,ControlMessage,1,0,0
2,6,9,ControlMessage,1,0,0
2,1,6,ControlMessage,1,299943,0
2,15,6,ControlMessage,1,665039591,0
2,5,2,ControlMessage,1,730654,0
2,12,5,ControlMessage,1,665046499,0
2,2,12,ControlMessage,1,0,0
2,15,10,ControlMessage,1,306614,0
2,6,0,DataMessage,1,2882545,1000
2,10,10,Waiting,17,5383976,0
2,7,0,ControlMessage,1,4763263,0
2,1,0,DataMessage,1,96443,1000
2,15,15,Waiting,26,6027215,0
2,12,3,ControlMessage,1,665335284,0
2,0,6,ControlMessage,3,0,0
2,2,11,ControlMessage,1,0,0
2,8,9,ControlMessage,1,224008,0
2,8,6,ControlMessage,1,665109075,0
2,7,8,ControlMessage,1,0,0
2,14,7,ControlMessage,1,665253966,0
2,3,3,Processing,2,859126,2000
2,2,9,ControlMessage,1,0,0
2,13,2,ControlMessage,1,665246924,0
2,8,0,ControlMessage,1,669236931,0
2,14,10,ControlMessage,1,361702,0
2,6,4,ControlMessage,1,305878,0
2,6,3,ControlMessage,1,836143,0
2,8,3,ControlMessage,1,665319199,0
2,12,12,Waiting,26,6339432,0
2,0,8,ControlMessage,3,0,0
2,11,0,DataMessage,1,667939623,1000
2,15,0,ControlMessage,1,667725933,0
2,9,4,ControlMessage,1,665407837,0
2,1,1,Spinning,5,152729,0
2,2,3,ControlMessage,1,214388,0
2,2,1,ControlMessage,1,2413427,0
2,8,8,Waiting,17,4834857,0
2,15,13,ControlMessage,1,169245,0
2,4,15,ControlMessage,1,0,0
2,11,4,ControlMessage,1,665203210,0
2,3,7,ControlMessage,1,2315829,0
2,3,4,ControlMessage,1,2279278,0
2,7,6,ControlMessage,1,332893,0
2,13,5,ControlMessage,1,665047350,0
2,13,13,Processing,2,901201,2000
2,0,4,ControlMessage,3,0,0
2,9,5,ControlMessage,1,665427852,0
3,1,7,ControlMessage,1,255104,0
3,2,2,Processing,2,707267,2000
3,13,0,ControlMessage,1,667542773,0
3,9,0,ControlMessage,1,668862963,0
3,6,8,ControlMessage,1,0,0
3,3,9,ControlMessage,1,0,0
3,7,13,ControlMessage,1,0,0
3,13,13,Spinning,6,200287,0
3,2,7,ControlMessage,1,2511214,0
3,9,9,Spinning,5,162990,0
3,1,3,ControlMessage,1,0,0
3,10,2,ControlMessage,1,665393147,0
3,4,3,ControlMessage,1,323306,0
3,3,7,ControlMessage,1,2360636,0
3,9,5,ControlMessage,1,666023015,0
3,3,3,Spinning,5,147326,0
3,13,5,ControlMessage,1,665173016,0
3,4,11,ControlMessage,1,0,0
3,6,1,ControlMessage,1,2298355,0
3,10,1,ControlMessage,1,667432805,0
3,10,6,ControlMessage,1,665324501,0
3,10,7,ControlMessage,1,666176080,0
3,10,10,Busy,6,232987,0
3,10,3,ControlMessage,1,665468303,0
3,1,6,ControlMessage,1,0,0
3,7,9,ControlMessage,1,0,0
3,14,8,ControlMessage,1,370738,0
3,2,0,DataMessage,1,2251641,1000
3,11,1,ControlMessage,1,667355813,0
3,9,10,ControlMessage,1,165840,0
3,15,5,ControlMessage,1,665265090,0
3,7,11,ControlMessage,1,0,0
3,3,6,ControlMessage,1,1257740,0
3,3,10,ControlMessage,1,0,0
3,1,11,ControlMessage,1,0,0
3,8,3,ControlMessage,1,665487977,0
3,7,7,Spinning,5,324882,0
3,10,10,Waiting,18,5807704,0
3,14,14,Spinning,5,185552,0
3,15,12,ControlMessage,1,452517,0
3,6,3,ControlMessage,1,311991,0
3,7,3,ControlMessage,1,11057,0
3,5,2,ControlMessage,1,0,0
3,10,0,DataMessage,1,667729366,1000
3,8,8,Busy,6,269058,0
3,5,4,ControlMessage,1,66757,0
3,12,15,ControlMessage,1,167023,0
3,7,8,ControlMessage,1,0,0
3,15,1,ControlMessage,1,667551644,0
3,15,6,ControlMessage,1,665209816,0
3,0,0,Processing,30,4679968,50000
3,9,7,ControlMessage,1,666114531,0
3,6,10,ControlMessage,1,0,0
3,0,6,ControlMessage,4,0,0
3,4,10,ControlMessage,1,0,0
3,14,7,ControlMessage,1,665047783,0
3,1,1,Processing,2,926858,2000
3,0,0,Spinning,5,165315,0
3,1,10,ControlMessage,1,0,0
3,1,1,Spinning,5,162345,0
3,13,6,ControlMessage,1,665121320,0
3,8,8,Waiting,18,5769603,0
3,4,2,ControlMessage,1,257769,0
3,10,8,ControlMessage,1,265260,0
3,15,14,ControlMessage,1,805126,0
3,7,2,ControlMessage,1,0,0
3,8,7,ControlMessage,1,666197064,0
3,13,11,ControlMessage,1,309679,0
3,4,4,Spinning,7,256532,0
3,12,10,ControlMessage,1,343187,0
3,3,3,Busy,6,239712,0
3,5,3,ControlMessage,1,0,0
3,12,3,ControlMessage,1,665578673,0
3,2,0,ControlMessage,1,3457549,0
3,12,14,ControlMessage,1,705254,0
3,0,14,ControlMessage,3,0,0
3,2,2,Busy,6,223169,0
3,0,11,ControlMessage,4,0,0
3,11,6,ControlMessage,1,665250524,0
3,3,0,DataMessage,1,2146118,1000
3,14,11,ControlMessage,1,378897,0
3,3,3,Waiting,18,5928383,0
3,11,11,Waiting,18,5710158,0
3,6,7,ControlMessage,1,1388696,0
3,15,13,ControlMessage,1,351722,0
3,13,0,DataMessage,1,667855701,1000
3,13,13,Processing,2,838771,2000
3,12,2,ControlMessage,1,665496728,0
3,12,12,Spinning,6,213847,0
3,9,8,ControlMessage,1,202195,0
3,9,6,ControlMessage,1,665259465,0
3,5,10,ControlMessage,1,0,0
3,7,12,ControlMessage,1,0,0
3,11,11,Spinning,5,140896,0
3,0,15,ControlMessage,3,0,0
3,5,12,ControlMessage,1,0,0
3,4,8,ControlMessage,1,0,0
3,9,0,DataMessage,1,667749417,1000
3,15,0,DataMessage,1,668061351,1000
3,6,6,Waiting,18,5594281,0
3,2,5,ControlMessage,1,2407904,0
3,5,1,ControlMessage,1,1945303,0
3,11,0,DataMessage,1,669267792,1000
3,14,13,ControlMessage,1,268170,0
3,11,7,ControlMessage,1,666173645,0
3,4,0,ControlMessage,1,2418667,0
3,15,15,Spinning,6,165869,0
3,0,3,ControlMessage,4,0,0
3,12,12,Processing,2,844328,2000
3,14,1,ControlMessage,1,667067990,0
3,6,2,ControlMessage,1,246419,0
3,15,0,ControlMessage,1,667636169,0
3,15,4,ControlMessage,1,665134069,0
3,1,0,DataMessage,1,52351,1000
3,10,10,Processing,2,784124,2000
3,3,2,ControlMessage,1,456166,0
3,12,5,ControlMessage,1,665125093,0
3,9,1,ControlMessage,1,667352491,0
3,7,15,ControlMessage,1,0,0
3,4,9,ControlMessage,1,0,0
3,13,12,ControlMessage,1,376506,0
3,7,0,DataMessage,1,3839170,1000
3,9,9,Processing,2,804700,2000
3,12,8,ControlMessage,1,282370,0
3,8,1,ControlMessage,1,667444877,0
3,15,15,Processing,2,831951,2000
3,0,2,ControlMessage,4,0,0
3,0,7,ControlMessage,4,0,0
3,1,0,ControlMessage,1,1202722,0
3,4,0,DataMessage,1,2781939,1000
3,1,1,Waiting,18,5694186,0
3,2,2,Waiting,18,5987672,0
3,5,13,ControlMessage,1,0,0
3,11,8,ControlMessage,1,194589,0
3,2,3,ControlMessage,1,717057,0
3,0,0,Busy,19,882416,0
3,9,4,ControlMessage,1,665201129,0
3,13,4,ControlMessage,1,665030971,0
3,13,3,ControlMessage,1,665622875,0
3,8,9,ControlMessage,1,498034,0
3,8,5,ControlMessage,1,666106341,0
3,1,4,ControlMessage,1,0,0
3,6,6,Processing,2,827689,2000
3,14,15,ControlMessage,1,183669,0
3,6,5,ControlMessage,1,1292613,0
3,12,0,DataMessage,1,667947217,1000
3,5,5,Spinning,5,282732,0
3,13,15,ControlMessage,1,200117,0
3,5,5,Processing,2,1270718,2000
3,5,15,ControlMessage,1,0,0
3,13,1,ControlMessage,1,667458865,0
3,9,9,Waiting,18,5714800,0
3,11,0,ControlMessage,1,668858594,0
3,10,11,ControlMessage,1,355660,0
3,8,0,DataMessage,1,667656731,1000
3,15,11,ControlMessage,1,398292,0
3,3,4,ControlMessage,1,1215790,0
3,13,9,ControlMessage,1,307747,0
3,14,10,ControlMessage,1,386663,0
3,15,2,ControlMessage,1,665634583,0
3,12,1,ControlMessage,1,667415152,0
3,5,11,ControlMessage,1,0,0
3,13,14,ControlMessage,1,733938,0
3,13,13,Waiting,8,3177635,0
3,4,7,ControlMessage,1,1396914,0
3,5,5,Waiting,18,5016219,0
3,1,8,ControlMessage,1,0,0
3,3,5,ControlMessage,1,2276351,0
3,5,9,ControlMessage,1,0,0
3,10,9,ControlMessage,1,474243,0
3,7,7,Busy,6,278573,0
3,14,9,ControlMessage,1,375737,0
3,0,5,ControlMessage,4,0,0
3,6,0,ControlMessage,1,2409544,0
3,14,14,Busy,7,341118,0
3,0,9,ControlMessage,4,0,0
3,3,1,ControlMessage,1,2351318,0
3,6,0,DataMessage,1,2874960,1000
3,9,9,Busy,6,343058,0
3,15,15,Busy,8,316921,0
3,6,6,Busy,8,473674,0
3,12,11,ControlMessage,1,284920,0
3,14,6,ControlMessage,1,665019867,0
3,1,5,ControlMessage,1,162923,0
3,6,11,ControlMessage,1,0,0
3,14,4,ControlMessage,1,665043568,0
3,14,14,Waiting,7,2782161,0
3,5,6,ControlMessage,1,144889,0
3,1,1,Busy,6,340853,0
3,8,2,ControlMessage,1,665412650,0
3,10,0,ControlMessage,1,668939068,0
3,1,2,ControlMessage,1,0,0
3,15,10,ControlMessage,1,455912,0
3,2,10,ControlMessage,1,0,0
3,7,6,ControlMessage,1,179980,0
3,4,6,ControlMessage,1,315970,0
3,9,3,ControlMessage,1,665391915,0
3,6,9,ControlMessage,1,0,0
3,2,9,ControlMessage,1,0,0
3,3,3,Processing,2,738784,2000
3,15,8,ControlMessage,1,395738,0
3,5,14,ControlMessage,1,0,0
3,10,5,ControlMessage,1,666085129,0
3,8,8,Processing,2,822101,2000
3,15,3,ControlMessage,1,665715640,0
3,12,13,ControlMessage,1,248281,0
3,8,4,ControlMessage,1,665289948,0
3,9,2,ControlMessage,1,665316668,0
3,15,9,ControlMessage,1,396356,0
3,7,4,ControlMessage,1,74714,0
3,7,7,Processing,2,1403125,2000
3,11,11,Busy,6,235472,0
3,3,0,ControlMessage,1,3321673,0
3,2,2,Spinning,5,157861,0
3,10,10,Spinning,5,184453,0
3,11,4,ControlMessage,1,665192138,0
3,12,12,Waiting,8,3072271,0
3,11,11,Processing,2,873706,2000
3,7,5,ControlMessage,1,396971,0
3,7,0,ControlMessage,1,3298450,0
3,11,5,ControlMessage,1,666077653,0
3,0,1,ControlMessage,4,1228808,0
3,14,0,DataMessage,1,667789535,1000
3,13,13,Busy,8,404038,0
3,4,5,ControlMessage,1,1299288,0
3,3,11,ControlMessage,1,0,0
3,14,14,Processing,2,980289,2000
3,3,8,ControlMessage,1,0,0
3,4,4,Waiting,18,5590999,0
3,0,0,Waiting,15,1309291,0
3,0,8,ControlMessage,4,0,0
3,11,10,ControlMessage,1,147102,0
3,5,8,ControlMessage,1,0,0
3,4,4,Busy,8,431835,0
3,8,11,ControlMessage,1,379659,0
3,8,6,ControlMessage,1,665348179,0
3,7,10,ControlMessage,1,0,0
3,13,7,ControlMessage,1,665157102,0
3,11,2,ControlMessage,1,665312416,0
3,15,15,Waiting,7,3401521,0
3,0,12,ControlMessage,4,0,0
3,15,7,ControlMessage,1,665248559,0
3,7,14,ControlMessage,1,0,0
3,10,4,ControlMessage,1,665266370,0
3,4,4,Processing,2,814026,2000
3,1,9,ControlMessage,1,0,0
3,14,2,ControlMessage,1,665150829,0
3,14,5,ControlMessage,1,665085330,0
3,14,0,ControlMessage,1,667151858,0
3,8,8,Spinning,5,181064,0
3,13,8,ControlMessage,1,307213,0
3,11,3,ControlMessage,1,665387592,0
3,12,4,ControlMessage,1,664987084,0
3,5,5,Busy,6,279101,0
3,6,6,Spinning,7,244349,0
3,8,10,ControlMessage,1,251784,0
3,12,0,ControlMessage,1,667499367,0
3,5,0,ControlMessage,1,3460752,0
3,2,8,ControlMessage,1,0,0
3,14,12,ControlMessage,1,292273,0
3,14,3,ControlMessage,1,665231885,0
3,4,1,ControlMessage,1,2309751,0
3,2,11,ControlMessage,1,0,0
3,2,4,ControlMessage,1,1351511,0
3,0,10,ControlMessage,4,0,0
3,13,10,ControlMessage,1,367091,0
3,5,0,DataMessage,1,3855746,1000
3,12,12,Busy,8,406307,0
3,7,7,Waiting,18,4794166,0
3,11,9,ControlMessage,1,397054,0
3,7,1,ControlMessage,1,2037729,0
3,12,9,ControlMessage,1,282967,0
3,12,7,ControlMessage,1,665139024,0
3,12,6,ControlMessage,1,665077605,0
3,13,2,ControlMessage,1,665541648,0
3,0,13,ControlMessage,4,0,0
3,5,7,ControlMessage,1,653928,0
3,2,1,ControlMessage,1,2487255,0
3,0,4,ControlMessage,4,0,0
3,8,0,ControlMessage,1,668959231,0
3,6,4,ControlMessage,1,257015,0
3,2,6,ControlMessage,1,1405439,0
3,9,11,ControlMessage,1,288612,0
4,9,3,ControlMessage,1,665353040,0
4,1,1,Busy,6,252534,0
4,2,9,ControlMessage,1,0,0
4,3,6,ControlMessage,1,1371779,0
4,12,10,ControlMessage,1,863586,0
4,2,3,ControlMessage,1,597248,0
4,2,12,ControlMessage,1,0,0
4,9,15,ControlMessage,1,1038931,0
4,8,10,ControlMessage,1,611704,0
4,0,13,ControlMessage,3,0,0
4,15,5,ControlMessage,1,665279363,0
4,14,4,ControlMessage,1,665186387,0
4,13,13,Processing,2,732044,2000
4,10,1,ControlMessage,1,667257332,0
4,1,9,ControlMessage,1,0,0
4,6,3,ControlMessage,1,345911,0
4,7,4,ControlMessage,1,106772,0
4,6,5,ControlMessage,1,203538,0
4,14,8,ControlMessage,1,512306,0
4,14,1,ControlMessage,1,667316256,0
4,4,0,DataMessage,1,2869026,1000
4,12,13,ControlMessage,1,234514,0
4,14,5,ControlMessage,1,665350135,0
4,8,2,ControlMessage,1,665210483,0
4,4,2,ControlMessage,1,267006,0
4,0,0,Processing,27,4481045,50000
4,3,0,ControlMessage,1,3362888,0
4,8,8,Spinning,5,147050,0
4,15,8,ControlMessage,1,438877,0
4,4,9,ControlMessage,1,0,0
4,10,13,ControlMessage,1,943939,0
4,8,0,ControlMessage,1,670224251,0
4,0,0,Spinning,5,207847,0
4,0,4,ControlMessage,3,0,0
4,11,0,ControlMessage,1,670317136,0
4,7,8,ControlMessage,1,0,0
4,15,6,ControlMessage,1,665252837,0
4,13,9,ControlMessage,1,663265,0
4,6,14,ControlMessage,1,0,0
4,13,5,ControlMessage,1,665257343,0
4,7,7,Spinning,5,321325,0
4,14,10,ControlMessage,1,797512,0
4,12,4,ControlMessage,1,665247616,0
4,12,3,ControlMessage,1,665402124,0
4,2,1,ControlMessage,1,2636836,0
4,7,0,ControlMessage,1,2248340,0
4,14,0,ControlMessage,1,670052152,0
4,3,3,Spinning,5,152123,0
4,7,14,ControlMessage,1,0,0
4,5,0,DataMessage,1,2785055,1000
4,15,1,ControlMessage,1,667243747,0
4,3,14,ControlMessage,1,0,0
4,3,10,ControlMessage,1,0,0
4,11,11,Processing,2,831666,2000
4,14,9,ControlMessage,1,587659,0
4,14,13,ControlMessage,1,548810,0
4,11,2,ControlMessage,1,665303718,0
4,9,6,ControlMessage,1,665500757,0
4,2,4,ControlMessage,1,1094623,0
4,9,9,Spinning,5,252373,0
4,12,0,ControlMessage,1,670112409,0
4,10,8,ControlMessage,1,147887,0
4,14,14,Spinning,5,343182,0
4,14,7,ControlMessage,1,665641022,0
4,4,3,ControlMessage,1,394311,0
4,5,4,ControlMessage,1,274551,0
4,12,1,ControlMessage,1,667375459,0
4,10,10,Spinning,5,194837,0
4,12,2,ControlMessage,1,665252491,0
4,12,9,ControlMessage,1,654236,0
4,11,4,ControlMessage,1,665441288,0
4,15,7,ControlMessage,1,665568626,0
4,13,8,ControlMessage,1,587637,0
4,10,5,ControlMessage,1,665268034,0
4,8,1,ControlMessage,1,667338678,0
4,1,0,ControlMessage,1,1379083,0
4,5,9,ControlMessage,1,0,0
4,7,9,ControlMessage,1,0,0
4,13,2,ControlMessage,1,665273304,0
4,7,1,ControlMessage,1,2240157,0
4,7,12,ControlMessage,1,0,0
4,14,14,Waiting,17,5188734,0
4,10,9,ControlMessage,1,313183,0
4,11,8,ControlMessage,1,306568,0
4,14,3,ControlMessage,1,665342650,0
4,10,10,Processing,2,925403,2000
4,2,2,Spinning,5,155078,0
4,11,12,ControlMessage,1,1079676,0
4,7,13,ControlMessage,1,0,0
4,13,3,ControlMessage,1,665422753,0
4,4,14,ControlMessage,1,0,0
4,2,0,ControlMessage,1,3185098,0
4,7,7,Busy,6,233760,0
4,7,7,Waiting,17,5053689,0
4,0,14,ControlMessage,3,0,0
4,3,13,ControlMessage,1,0,0
4,7,15,ControlMessage,1,0,0
4,8,3,ControlMessage,1,665360761,0
4,4,6,ControlMessage,1,357183,0
4,7,2,ControlMessage,1,124979,0
4,2,10,ControlMessage,1,0,0
4,1,8,ControlMessage,1,0,0
4,3,5,ControlMessage,1,1269457,0
4,11,6,ControlMessage,1,665235833,0
4,11,9,ControlMessage,1,471953,0
4,13,15,ControlMessage,1,478806,0
4,6,9,ControlMessage,1,0,0
4,5,15,ControlMessage,1,0,0
4,13,6,ControlMessage,1,665406416,0
4,6,0,DataMessage,1,2930206,1000
4,15,3,ControlMessage,1,665270006,0
4,10,3,ControlMessage,1,665279842,0
4,0,5,ControlMessage,3,0,0
4,0,6,ControlMessage,3,0,0
4,6,6,Waiting,17,5247460,0
4,11,10,ControlMessage,1,680825,0
4,5,13,ControlMessage,1,0,0
4,10,10,Waiting,17,5191690,0
4,15,15,Processing,2,782864,2000
4,8,12,ControlMessage,1,1009823,0
4,4,15,ControlMessage,1,0,0
4,5,3,ControlMessage,1,424787,0
4,15,13,ControlMessage,1,464408,0
4,5,5,Processing,2,784732,2000
4,10,2,ControlMessage,1,665129459,0
4,13,14,ControlMessage,1,623734,0
4,8,5,ControlMessage,1,665355409,0
4,8,6,ControlMessage,1,665164811,0
4,11,13,ControlMessage,1,901364,0
4,6,1,ControlMessage,1,2333274,0
4,5,5,Spinning,5,165907,0
4,4,4,Processing,2,776381,2000
4,14,11,ControlMessage,1,485699,0
4,8,7,ControlMessage,1,665429453,0
4,9,7,ControlMessage,1,665425682,0
4,11,11,Spinning,5,156571,0
4,15,10,ControlMessage,1,724786,0
4,9,14,ControlMessage,1,1342106,0
4,1,15,ControlMessage,1,0,0
4,1,6,ControlMessage,1,0,0
4,9,1,ControlMessage,1,667330652,0
4,13,0,DataMessage,1,667846684,1000
4,15,11,ControlMessage,1,412394,0
4,9,0,ControlMessage,1,670216139,0
4,5,0,ControlMessage,1,2419576,0
4,3,3,Waiting,17,5522011,0
4,6,13,ControlMessage,1,0,0
4,3,0,DataMessage,1,2084709,1000
4,2,2,Waiting,17,5180084,0
4,5,14,ControlMessage,1,0,0
4,3,11,ControlMessage,1,0,0
4,8,13,ControlMessage,1,830556,0
4,11,1,ControlMessage,1,667431390,0
4,9,9,Processing,2,792602,2000
4,15,14,ControlMessage,1,471538,0
4,5,8,ControlMessage,1,0,0
4,1,3,ControlMessage,1,0,0
4,8,8,Waiting,17,5286713,0
4,1,1,Waiting,17,5357304,0
4,12,15,ControlMessage,1,470843,0
4,14,14,Busy,6,259274,0
4,10,0,ControlMessage,1,670142858,0
4,9,8,ControlMessage,1,230260,0
4,10,12,ControlMessage,1,926918,0
4,1,5,ControlMessage,1,0,0
4,4,0,ControlMessage,1,2389834,0
4,5,5,Busy,6,238279,0
4,2,2,Busy,6,419559,0
4,4,8,ControlMessage,1,0,0
4,3,12,ControlMessage,1,0,0
4,6,12,ControlMessage,1,0,0
4,13,13,Busy,6,218511,0
4,11,5,ControlMessage,1,665424704,0
4,3,7,ControlMessage,1,1635795,0
4,0,1,ControlMessage,3,921834,0
4,2,11,ControlMessage,1,0,0
4,3,8,ControlMessage,1,0,0
4,15,2,ControlMessage,1,665120455,0
4,3,2,ControlMessage,1,740327,0
4,0,12,ControlMessage,3,0,0
4,4,4,Waiting,17,5278293,0
4,14,2,ControlMessage,1,665193190,0
4,13,13,Spinning,5,136361,0
4,10,4,ControlMessage,1,665282809,0
4,4,11,ControlMessage,1,0,0
4,10,11,ControlMessage,1,92234,0
4,8,4,ControlMessage,1,665358487,0
4,9,9,Busy,6,262292,0
4,0,7,ControlMessage,3,0,0
4,6,4,ControlMessage,1,200794,0
4,7,3,ControlMessage,1,253036,0
4,10,10,Busy,6,255580,0
4,0,10,ControlMessage,3,0,0
4,2,15,ControlMessage,1,0,0
4,15,9,ControlMessage,1,514307,0
4,8,8,Busy,6,246879,0
4,4,7,ControlMessage,1,620748,0
4,12,14,ControlMessage,1,616439,0
4,4,12,ControlMessage,1,0,0
4,6,6,Processing,2,788658,2000
4,11,15,ControlMessage,1,1119271,0
4,12,6,ControlMessage,1,665386966,0
4,4,4,Busy,6,251639,0
4,0,15,ControlMessage,3,0,0
4,14,12,ControlMessage,1,316946,0
4,11,11,Waiting,17,5348092,0
4,8,11,ControlMessage,1,181063,0
4,7,11,ControlMessage,1,0,0
4,0,9,ControlMessage,3,0,0
4,2,14,ControlMessage,1,0,0
4,7,7,Processing,2,883465,2000
4,10,0,DataMessage,1,670489437,1000
4,2,2,Processing,2,784361,2000
4,5,5,Waiting,17,5301317,0
4,12,12,Waiting,17,5319887,0
4,13,7,ControlMessage,1,665427697,0
4,9,5,ControlMessage,1,665351902,0
4,4,4,Spinning,5,167751,0
4,12,11,ControlMessage,1,552234,0
4,8,9,ControlMessage,1,401912,0
4,5,12,ControlMessage,1,0,0
4,10,6,ControlMessage,1,665415197,0
4,15,0,DataMessage,1,670397642,1000
4,6,11,ControlMessage,1,0,0
4,9,10,ControlMessage,1,606399,0
4,3,15,ControlMessage,1,0,0
4,1,1,Processing,2,753770,2000
4,7,6,ControlMessage,1,207322,0
4,15,12,ControlMessage,1,231611,0
4,10,15,ControlMessage,1,965374,0
4,11,7,ControlMessage,1,665499930,0
4,10,7,ControlMessage,1,665341934,0
4,9,11,ControlMessage,1,448010,0
4,11,3,ControlMessage,1,665454044,0
4,2,6,ControlMessage,1,1195356,0
4,0,0,Busy,15,790146,0
4,13,12,ControlMessage,1,381937,0
4,4,5,ControlMessage,1,259235,0
4,0,3,ControlMessage,3,0,0
4,3,9,ControlMessage,1,0,0
4,15,0,ControlMessage,1,669979090,0
4,5,1,ControlMessage,1,2412348,0
4,1,10,ControlMessage,1,0,0
4,7,0,DataMessage,1,2949861,1000
4,13,10,ControlMessage,1,872658,0
4,4,1,ControlMessage,1,2382551,0
4,6,7,ControlMessage,1,564963,0
4,12,12,Busy,6,311223,0
4,3,1,ControlMessage,1,2814743,0
4,9,9,Waiting,17,5237657,0
4,15,15,Spinning,5,147900,0
4,15,15,Waiting,17,5248020,0
4,1,0,DataMessage,1,136965,1000
4,13,11,ControlMessage,1,561369,0
4,5,6,ControlMessage,1,374456,0
4,6,2,ControlMessage,1,218366,0
4,8,0,DataMessage,1,667743622,1000
4,12,5,ControlMessage,1,665237801,0
4,12,12,Processing,2,732549,2000
4,5,10,ControlMessage,1,0,0
4,0,11,ControlMessage,3,0,0
4,1,2,ControlMessage,1,0,0
4,14,6,ControlMessage,1,665326053,0
4,1,11,ControlMessage,1,0,0
4,12,12,Spinning,5,179140,0
4,13,1,ControlMessage,1,667396143,0
4,12,0,DataMessage,1,667835959,1000
4,11,0,DataMessage,1,667939371,1000
4,8,8,Processing,2,808128,2000
4,12,7,ControlMessage,1,665420169,0
4,2,13,ControlMessage,1,0,0
4,15,4,ControlMessage,1,665113770,0
4,3,3,Busy,6,294607,0
4,4,10,ControlMessage,1,0,0
4,6,8,ControlMessage,1,0,0
4,13,13,Waiting,17,5483449,0
4,14,15,ControlMessage,1,435954,0
4,9,12,ControlMessage,1,1000541,0
4,11,14,ControlMessage,1,866876,0
4,1,12,ControlMessage,1,0,0
4,1,7,ControlMessage,1,0,0
4,11,11,Busy,6,252063,0
4,1,1,Spinning,5,168549,0
4,8,14,ControlMessage,1,796410,0
4,10,14,ControlMessage,1,1273389,0
4,3,4,ControlMessage,1,1271184,0
4,2,0,DataMessage,1,2134735,1000
4,13,4,ControlMessage,1,665267109,0
4,7,5,ControlMessage,1,129429,0
4,8,15,ControlMessage,1,1048336,0
4,6,0,ControlMessage,1,2341609,0
4,14,0,DataMessage,1,667947352,1000
4,12,8,ControlMessage,1,578726,0
4,1,4,ControlMessage,1,0,0
4,5,2,ControlMessage,1,297479,0
4,9,2,ControlMessage,1,665202647,0
4,2,5,ControlMessage,1,1091976,0
4,13,0,ControlMessage,1,670132407,0
4,1,14,ControlMessage,1,0,0
4,0,2,ControlMessage,3,0,0
4,5,7,ControlMessage,1,637695,0
4,2,8,ControlMessage,1,0,0
4,6,6,Spinning,5,177655,0
4,14,14,Processing,2,755766,2000
4,2,7,ControlMessage,1,1459455,0
4,6,6,Busy,6,258704,0
4,0,0,Waiting,15,1112837,0
4,4,13,ControlMessage,1,0,0
4,6,15,ControlMessage,1,0,0
4,9,4,ControlMessage,1,665356131,0
4,9,0,DataMessage,1,667919281,1000
4,9,13,ControlMessage,1,1017423,0
4,5,11,ControlMessage,1,0,0
4,3,3,Processing,2,748942,2000
4,15,15,Busy,6,251883,0
4,6,10,ControlMessage,1,0,0
4,1,13,ControlMessage,1,0,0
4,7,10,ControlMessage,1,0,0
4,0,8,ControlMessage,3,0,0
5,5,0,DataMessage,1,2906525,1000
5,0,8,ControlMessage,3,0,0
5,10,1,ControlMessage,1,667623233,0
5,12,8,ControlMessage,1,410408,0
5,15,2,ControlMessage,1,665424913,0
5,13,15,ControlMessage,1,345517,0
5,4,5,ControlMessage,1,261253,0
5,14,14,Processing,2,804384,2000
5,6,5,ControlMessage,1,215452,0
5,12,15,ControlMessage,1,357045,0
5,0,7,ControlMessage,3,0,0
5,2,6,ControlMessage,1,1472877,0
5,4,15,ControlMessage,1,0,0
5,2,12,ControlMessage,1,0,0
5,13,0,ControlMessage,1,670174519,0
5,6,12,ControlMessage,1,0,0
5,10,14,ControlMessage,1,1129958,0
5,1,7,ControlMessage,1,0,0
5,1,1,Processing,2,753821,2000
5,7,5,ControlMessage,1,252985,0
5,8,11,ControlMessage,1,249219,0
5,12,11,ControlMessage,1,348042,0
5,1,2,ControlMessage,1,0,0
5,11,11,Processing,2,810720,2000
5,9,6,ControlMessage,1,665483044,0
5,6,8,ControlMessage,1,0,0
5,3,8,ControlMessage,1,0,0
5,1,14,ControlMessage,1,0,0
5,15,15,Waiting,17,5041327,0
5,12,7,ControlMessage,1,665544799,0
5,10,5,ControlMessage,1,665304235,0
5,13,11,ControlMessage,1,349501,0
5,15,10,ControlMessage,1,631015,0
5,7,7,Spinning,5,421084,0
5,15,0,DataMessage,1,667779084,1000
5,4,8,ControlMessage,1,0,0
5,12,3,ControlMessage,1,665716546,0
5,5,12,ControlMessage,1,0,0
5,0,14,ControlMessage,3,0,0
5,6,15,ControlMessage,1,0,0
5,11,10,ControlMessage,1,452627,0
5,0,12,ControlMessage,3,0,0
5,10,10,Spinning,5,212841,0
5,4,10,ControlMessage,1,0,0
5,15,1,ControlMessage,1,667409001,0
5,9,11,ControlMessage,1,280078,0
5,10,2,ControlMessage,1,665489056,0
5,6,6,Waiting,17,5142360,0
5,9,4,ControlMessage,1,665384613,0
5,14,9,ControlMessage,1,549748,0
5,8,3,ControlMessage,1,665844690,0
5,8,7,ControlMessage,1,665740247,0
5,0,0,Busy,15,839207,0
5,9,9,Busy,6,378319,0
5,3,3,Processing,2,1293190,2000
5,5,2,ControlMessage,1,37725,0
5,7,4,ControlMessage,1,270772,0
5,0,4,ControlMessage,3,0,0
5,9,14,ControlMessage,1,1182808,0
5,2,3,ControlMessage,1,2099329,0
5,11,11,Spinning,5,162402,0
5,6,4,ControlMessage,1,242168,0
5,12,9,ControlMessage,1,525857,0
5,11,4,ControlMessage,1,665429222,0
5,15,8,ControlMessage,1,375235,0
5,5,14,ControlMessage,1,0,0
5,10,3,ControlMessage,1,665834332,0
5,2,7,ControlMessage,1,1569793,0
5,10,6,ControlMessage,1,665426707,0
5,5,0,ControlMessage,1,2300950,0
5,1,8,ControlMessage,1,0,0
5,7,0,DataMessage,1,2859847,1000
5,10,12,ControlMessage,1,1039595,0
5,5,5,Busy,6,242526,0
5,2,5,ControlMessage,1,1363751,0
5,10,0,ControlMessage,1,670357829,0
5,12,2,ControlMessage,1,665451789,0
5,15,7,ControlMessage,1,665505079,0
5,8,1,ControlMessage,1,667637829,0
5,12,10,ControlMessage,1,664972,0
5,12,12,Busy,6,271330,0
5,12,12,Processing,2,771670,2000
5,14,3,ControlMessage,1,665559213,0
5,14,6,ControlMessage,1,665298434,0
5,4,0,ControlMessage,1,2224990,0
5,12,0,ControlMessage,1,670172749,0
5,13,14,ControlMessage,1,797105,0
5,4,4,Spinning,5,186224,0
5,8,2,ControlMessage,1,665503683,0
5,9,8,ControlMessage,1,300957,0
5,11,0,ControlMessage,1,670458592,0
5,11,11,Waiting,18,6812087,0
5,15,13,ControlMessage,1,327506,0
5,7,8,ControlMessage,1,0,0
5,11,6,ControlMessage,1,665527410,0
5,14,1,ControlMessage,1,667274531,0
5,12,13,ControlMessage,1,305963,0
5,6,2,ControlMessage,1,0,0
5,14,4,ControlMessage,1,665164073,0
5,8,6,ControlMessage,1,665441034,0
5,9,3,ControlMessage,1,665888218,0
5,0,1,ControlMessage,3,954946,0
5,9,1,ControlMessage,1,667679783,0
5,6,6,Spinning,5,207455,0
5,0,5,ControlMessage,3,0,0
5,2,14,ControlMessage,1,0,0
5,8,14,ControlMessage,1,1081710,0
5,14,11,ControlMessage,1,496939,0
5,0,6,ControlMessage,3,0,0
5,13,13,Waiting,17,5065795,0
5,2,1,ControlMessage,1,2733630,0
5,2,0,ControlMessage,1,3285621,0
5,9,0,ControlMessage,1,670414599,0
5,1,6,ControlMessage,1,0,0
5,1,5,ControlMessage,1,0,0
5,8,15,ControlMessage,1,991765,0
5,15,6,ControlMessage,1,665207281,0
5,4,3,ControlMessage,1,1049380,0
5,2,9,ControlMessage,1,0,0
5,14,0,DataMessage,1,670443314,1000
5,9,7,ControlMessage,1,665780901,0
5,11,9,ControlMessage,1,416977,0
5,0,15,ControlMessage,3,0,0
5,5,8,ControlMessage,1,0,0
5,8,0,DataMessage,1,667681401,1000
5,10,0,DataMessage,1,667773670,1000
5,3,3,Busy,7,681173,0
5,10,10,Waiting,18,6648802,0
5,11,14,ControlMessage,1,1205988,0
5,1,10,ControlMessage,1,0,0
5,12,5,ControlMessage,1,665119285,0
5,4,13,ControlMessage,1,0,0
5,2,2,Busy,7,282418,0
5,8,0,ControlMessage,1,670373506,0
5,5,9,ControlMessage,1,0,0
5,9,9,Spinning,5,153158,0
5,14,14,Waiting,17,4799867,0
5,7,7,Processing,2,758107,2000
5,9,10,ControlMessage,1,425475,0
5,13,12,ControlMessage,1,399222,0
5,13,4,ControlMessage,1,665145503,0
5,6,7,ControlMessage,1,415033,0
5,6,1,ControlMessage,1,2069998,0
5,11,11,Busy,6,362442,0
5,11,3,ControlMessage,1,665998837,0
5,13,1,ControlMessage,1,667439503,0
5,10,13,ControlMessage,1,1005675,0
5,15,15,Spinning,5,170002,0
5,3,2,ControlMessage,1,203663,0
5,8,9,ControlMessage,1,358751,0
5,13,5,ControlMessage,1,665121236,0
5,5,5,Processing,2,760703,2000
5,0,3,ControlMessage,3,0,0
5,15,4,ControlMessage,1,665109219,0
5,12,0,DataMessage,1,667708780,1000
5,9,12,ControlMessage,1,1091715,0
5,7,2,ControlMessage,1,0,0
5,13,0,DataMessage,1,667702481,1000
5,5,5,Waiting,17,5219386,0
5,5,13,ControlMessage,1,0,0
5,1,12,ControlMessage,1,0,0
5,3,3,Spinning,6,350059,0
5,0,0,Processing,27,4367055,50000
5,10,15,ControlMessage,1,984623,0
5,6,0,ControlMessage,1,2186501,0
5,6,13,ControlMessage,1,0,0
5,2,2,Processing,2,714788,2000
5,9,15,ControlMessage,1,1031828,0
5,14,0,ControlMessage,1,670009394,0
5,6,6,Busy,6,238934,0
5,13,9,ControlMessage,1,527464,0
5,15,9,ControlMessage,1,491102,0
5,8,8,Busy,6,346915,0
5,6,6,Processing,2,772629,2000
5,13,2,ControlMessage,1,665455135,0
5,7,7,Busy,6,242955,0
5,7,1,ControlMessage,1,2110709,0
5,3,9,ControlMessage,1,0,0
5,5,7,ControlMessage,1,488942,0
5,6,0,DataMessage,1,2826120,1000
5,4,12,ControlMessage,1,0,0
5,5,1,ControlMessage,1,2184720,0
5,2,11,ControlMessage,1,0,0
5,3,3,Waiting,18,5694936,0
5,9,9,Processing,2,841200,2000
5,7,7,Waiting,17,4970930,0
5,4,4,Busy,6,241656,0
5,5,3,ControlMessage,1,1127560,0
5,10,9,ControlMessage,1,335743,0
5,13,13,Processing,2,781761,2000
5,0,10,ControlMessage,3,0,0
5,2,2,Spinning,6,191781,0
5,0,11,ControlMessage,3,0,0
5,3,14,ControlMessage,1,0,0
5,3,0,DataMessage,1,2650060,1000
5,4,7,ControlMessage,1,457939,0
5,14,8,ControlMessage,1,558391,0
5,9,2,ControlMessage,1,665545606,0
5,4,14,ControlMessage,1,0,0
5,2,0,DataMessage,1,2214184,1000
5,9,13,ControlMessage,1,1062374,0
5,10,7,ControlMessage,1,665729461,0
5,4,11,ControlMessage,1,0,0
5,11,0,DataMessage,1,667861778,1000
5,13,13,Spinning,5,224364,0
5,1,1,Waiting,17,5055608,0
5,5,10,ControlMessage,1,0,0
5,1,4,ControlMessage,1,0,0
5,6,11,ControlMessage,1,0,0
5,14,14,Spinning,5,285374,0
5,1,11,ControlMessage,1,0,0
5,10,10,Busy,6,602119,0
5,10,4,ControlMessage,1,665328281,0
5,1,1,Busy,7,406711,0
5,1,15,ControlMessage,1,0,0
5,5,6,ControlMessage,1,432622,0
5,7,0,ControlMessage,1,2224963,0
5,2,4,ControlMessage,1,1385968,0
5,8,12,ControlMessage,1,1051495,0
5,4,2,ControlMessage,1,0,0
5,15,15,Processing,2,828263,2000
5,10,10,Processing,2,820598,2000
5,5,5,Spinning,5,175811,0
5,2,2,Waiting,17,5299999,0
5,11,15,ControlMessage,1,1055402,0
5,3,6,ControlMessage,1,961461,0
5,3,10,ControlMessage,1,0,0
5,12,1,ControlMessage,1,667437894,0
5,14,12,ControlMessage,1,622798,0
5,5,4,ControlMessage,1,346818,0
5,10,8,ControlMessage,1,246855,0
5,8,5,ControlMessage,1,665318062,0
5,3,12,ControlMessage,1,0,0
5,5,11,ControlMessage,1,0,0
5,9,5,ControlMessage,1,665360543,0
5,10,11,ControlMessage,1,226250,0
5,1,0,ControlMessage,1,1153973,0
5,15,11,ControlMessage,1,500269,0
5,2,15,ControlMessage,1,0,0
5,4,9,ControlMessage,1,0,0
5,0,0,Waiting,15,1010762,0
5,9,9,Waiting,18,6775052,0
5,11,1,ControlMessage,1,667723863,0
5,6,10,ControlMessage,1,0,0
5,13,13,Busy,6,243126,0
5,11,13,ControlMessage,1,1091050,0
5,2,8,ControlMessage,1,0,0
5,7,13,ControlMessage,1,0,0
5,7,15,ControlMessage,1,0,0
5,8,10,ControlMessage,1,395240,0
5,15,14,ControlMessage,1,766480,0
5,11,7,ControlMessage,1,665819998,0
5,1,9,ControlMessage,1,0,0
5,7,14,ControlMessage,1,0,0
5,15,3,ControlMessage,1,665696253,0
5,14,2,ControlMessage,1,665290193,0
5,3,11,ControlMessage,1,0,0
5,4,0,DataMessage,1,2763410,1000
5,14,10,ControlMessage,1,706150,0
5,7,6,ControlMessage,1,361765,0
5,5,15,ControlMessage,1,0,0
5,15,12,ControlMessage,1,370355,0
5,14,7,ControlMessage,1,665381591,0
5,13,8,ControlMessage,1,411813,0
5,4,1,ControlMessage,1,2109765,0
5,0,0,Spinning,5,197859,0
5,4,6,ControlMessage,1,369850,0
5,12,6,ControlMessage,1,665246983,0
5,8,8,Processing,2,831001,2000
5,7,12,ControlMessage,1,0,0
5,1,0,DataMessage,1,109798,1000
5,3,0,ControlMessage,1,2112955,0
5,0,2,ControlMessage,3,0,0
5,13,7,ControlMessage,1,665535611,0
5,8,13,ControlMessage,1,1017437,0
5,2,10,ControlMessage,1,0,0
5,15,5,ControlMessage,1,665085060,0
5,4,4,Waiting,17,5148709,0
5,9,0,DataMessage,1,667734299,1000
5,12,12,Spinning,5,202629,0
5,11,12,ControlMessage,1,1130207,0
5,0,13,ControlMessage,3,0,0
5,6,14,ControlMessage,1,0,0
5,14,14,Busy,6,344847,0
5,6,3,ControlMessage,1,1024763,0
5,3,7,ControlMessage,1,1107900,0
5,11,5,ControlMessage,1,665405056,0
5,7,9,ControlMessage,1,0,0
5,0,9,ControlMessage,3,0,0
5,14,5,ControlMessage,1,665138585,0
5,12,12,Waiting,17,5049860,0
5,7,10,ControlMessage,1,0,0
5,12,14,ControlMessage,1,807247,0
5,1,3,ControlMessage,1,0,0
5,1,1,Spinning,6,226016,0
5,13,10,ControlMessage,1,666857,0
5,1,13,ControlMessage,1,0,0
5,14,13,ControlMessage,1,588793,0
5,4,4,Processing,2,786928,2000
5,3,4,ControlMessage,1,845401,0
5,7,3,ControlMessage,1,1050085,0
5,8,8,Waiting,18,6728191,0
5,8,8,Spinning,5,170174,0
5,11,8,ControlMessage,1,328627,0
5,3,5,ControlMessage,1,881073,0
5,3,15,ControlMessage,1,0,0
5,2,13,ControlMessage,1,0,0
5,3,1,ControlMessage,1,1997993,0
5,15,15,Busy,6,257064,0
5,11,2,ControlMessage,1,665589837,0
5,15,0,ControlMessage,1,670143639,0
5,13,6,ControlMessage,1,665238071,0
5,7,11,ControlMessage,1,0,0
5,14,15,ControlMessage,1,552830,0
5,12,4,ControlMessage,1,665143666,0
5,6,9,ControlMessage,1,0,0
5,8,4,ControlMessage,1,665341824,0
5,3,13,ControlMessage,1,0,0
5,13,3,ControlMessage,1,665721055,0
6,0,9,ControlMessage,4,0,0
6,3,5,ControlMessage,1,945725,0
6,10,0,ControlMessage,1,668388611,0
6,0,0,Spinning,5,165932,0
6,9,0,DataMessage,1,667423503,1000
6,4,4,Waiting,25,7816976,0
6,13,10,ControlMessage,1,1084194,0
6,5,0,ControlMessage,1,2248774,0
6,3,3,Busy,7,437568,0
6,4,7,ControlMessage,1,411937,0
6,11,5,ControlMessage,1,665102366,0
6,14,5,ControlMessage,1,665218590,0
6,7,7,Waiting,26,8156208,0
6,11,12,ControlMessage,1,772484,0
6,11,15,ControlMessage,1,754606,0
6,4,5,ControlMessage,1,293283,0
6,15,9,ControlMessage,1,882161,0
6,9,9,Waiting,16,3459120,0
6,0,7,ControlMessage,4,8669754,0
6,5,2,ControlMessage,1,492828,0
6,9,9,Busy,8,424107,0
6,7,12,ControlMessage,1,0,0
6,5,0,DataMessage,1,2705553,1000
6,11,9,ControlMessage,1,217197,0
6,10,7,ControlMessage,1,665120485,0
6,10,9,ControlMessage,1,69404,0
6,7,7,Spinning,5,289561,0
6,11,8,ControlMessage,1,458119,0
6,1,12,ControlMessage,1,0,0
6,4,10,ControlMessage,1,0,0
6,11,11,Waiting,16,3151000,0
6,12,12,Processing,2,777059,2000
6,4,4,Processing,2,811762,2000
6,15,12,ControlMessage,1,211159,0
6,9,9,Processing,2,895517,2000
6,8,6,ControlMessage,1,665131793,0
6,11,11,Spinning,5,186704,0
6,2,6,ControlMessage,1,1190035,0
6,1,14,ControlMessage,1,0,0
6,10,14,ControlMessage,1,592961,0
6,3,11,ControlMessage,1,0,0
6,9,2,ControlMessage,1,664997941,0
6,2,2,Spinning,6,300628,0
6,5,5,Busy,6,245079,0
6,11,0,DataMessage,1,668659993,1000
6,12,9,ControlMessage,1,913975,0
6,2,2,Processing,2,880736,2000
6,15,15,Waiting,18,5534781,0
6,0,0,Waiting,15,1325957,0
6,0,13,ControlMessage,4,0,0
6,10,11,ControlMessage,1,595797,0
6,2,7,ControlMessage,1,1540139,0
6,3,10,ControlMessage,1,0,0
6,7,6,ControlMessage,1,338869,0
6,9,3,ControlMessage,1,665456303,0
6,4,6,ControlMessage,1,335981,0
6,7,14,ControlMessage,1,0,0
6,7,1,ControlMessage,1,2136484,0
6,15,2,ControlMessage,1,665458853,0
6,0,8,ControlMessage,4,0,0
6,11,1,ControlMessage,1,667231817,0
6,10,10,Spinning,5,169221,0
6,2,15,ControlMessage,1,0,0
6,7,0,DataMessage,1,2659697,1000
6,3,9,ControlMessage,1,0,0
6,6,11,ControlMessage,1,0,0
6,1,1,Processing,2,701264,2000
6,9,13,ControlMessage,1,688719,0
6,6,3,ControlMessage,1,826759,0
6,7,5,ControlMessage,1,295915,0
6,14,7,ControlMessage,1,665159279,0
6,13,12,ControlMessage,1,252558,0
6,5,15,ControlMessage,1,0,0
6,8,9,ControlMessage,1,250496,0
6,15,7,ControlMessage,1,665362108,0
6,3,14,ControlMessage,1,0,0
6,7,13,ControlMessage,1,0,0
6,13,4,ControlMessage,1,665126568,0
6,14,13,ControlMessage,1,342599,0
6,7,4,ControlMessage,1,268856,0
6,15,15,Spinning,6,188695,0
6,9,11,ControlMessage,1,774938,0
6,13,5,ControlMessage,1,665148999,0
6,8,12,ControlMessage,1,806139,0
6,9,8,ControlMessage,1,830652,0
6,10,10,Busy,7,298648,0
6,12,13,ControlMessage,1,235988,0
6,6,13,ControlMessage,1,0,0
6,10,8,ControlMessage,1,672539,0
6,2,13,ControlMessage,1,0,0
6,0,15,ControlMessage,4,0,0
6,1,7,ControlMessage,1,0,0
6,15,1,ControlMessage,1,666981878,0
6,6,7,ControlMessage,1,378231,0
6,14,14,Waiting,18,4856330,0
6,10,1,ControlMessage,1,666862196,0
6,14,6,ControlMessage,1,665201344,0
6,6,0,ControlMessage,1,2198045,0
6,13,13,Spinning,6,190551,0
6,5,3,ControlMessage,1,873240,0
6,13,3,ControlMessage,1,665478251,0
6,6,1,ControlMessage,1,2082596,0
6,9,1,ControlMessage,1,667041346,0
6,9,15,ControlMessage,1,675776,0
6,12,14,ControlMessage,1,1404225,0
6,13,6,ControlMessage,1,665219054,0
6,7,7,Busy,6,373023,0
6,13,9,ControlMessage,1,928264,0
6,0,10,ControlMessage,4,0,0
6,8,8,Processing,2,1150855,2000
6,1,13,ControlMessage,1,0,0
6,2,4,ControlMessage,1,1097886,0
6,15,13,ControlMessage,1,197870,0
6,10,0,DataMessage,1,668725766,1000
6,10,6,ControlMessage,1,665094563,0
6,7,8,ControlMessage,1,0,0
6,13,0,ControlMessage,1,669069612,0
6,12,12,Waiting,18,5493869,0
6,13,7,ControlMessage,1,665407918,0
6,6,12,ControlMessage,1,0,0
6,13,11,ControlMessage,1,1037685,0
6,12,7,ControlMessage,1,665392672,0
6,8,3,ControlMessage,1,665433529,0
6,12,2,ControlMessage,1,665479543,0
6,12,1,ControlMessage,1,667011643,0
6,14,14,Spinning,5,219252,0
6,14,12,ControlMessage,1,310952,0
6,10,10,Waiting,16,3438863,0
6,9,12,ControlMessage,1,686015,0
6,13,15,ControlMessage,1,316288,0
6,14,3,ControlMessage,1,666615259,0
6,8,0,DataMessage,1,667109335,1000
6,5,12,ControlMessage,1,0,0
6,0,5,ControlMessage,4,3667106,0
6,8,10,ControlMessage,1,309288,0
6,14,4,ControlMessage,1,665203420,0
6,3,4,ControlMessage,1,906556,0
6,10,12,ControlMessage,1,507750,0
6,3,3,Waiting,16,3013804,0
6,14,14,Busy,6,378898,0
6,5,1,ControlMessage,1,2133591,0
6,0,12,ControlMessage,4,0,0
6,4,4,Busy,6,246819,0
6,6,9,ControlMessage,1,0,0
6,13,14,ControlMessage,1,1403005,0
6,6,14,ControlMessage,1,0,0
6,14,8,ControlMessage,1,2041305,0
6,13,2,ControlMessage,1,665499692,0
6,9,9,Spinning,6,182699,0
6,8,4,ControlMessage,1,665096327,0
6,6,2,ControlMessage,1,444792,0
6,5,9,ControlMessage,1,0,0
6,3,3,Processing,2,872936,2000
6,6,8,ControlMessage,1,0,0
6,8,15,ControlMessage,1,788344,0
6,4,14,ControlMessage,1,0,0
6,2,8,ControlMessage,1,0,0
6,7,10,ControlMessage,1,0,0
6,11,6,ControlMessage,1,665098231,0
6,5,8,ControlMessage,1,0,0
6,2,0,ControlMessage,1,2779229,0
6,12,11,ControlMessage,1,1018688,0
6,9,0,ControlMessage,1,667053806,0
6,13,8,ControlMessage,1,967668,0
6,2,3,ControlMessage,1,1388705,0
6,8,8,Waiting,16,3160435,0
6,5,5,Spinning,5,154654,0
6,10,10,Processing,2,912144,2000
6,13,1,ControlMessage,1,667027615,0
6,4,8,ControlMessage,1,0,0
6,14,15,ControlMessage,1,347046,0
6,7,9,ControlMessage,1,0,0
6,12,12,Spinning,6,172387,0
6,11,10,ControlMessage,1,280521,0
6,15,4,ControlMessage,1,665080692,0
6,11,14,ControlMessage,1,733981,0
6,6,6,Busy,6,259842,0
6,14,14,Processing,2,1399241,2000
6,11,3,ControlMessage,1,665405677,0
6,1,15,ControlMessage,1,0,0
6,4,13,ControlMessage,1,0,0
6,10,3,ControlMessage,1,665281396,0
6,10,4,ControlMessage,1,665078381,0
6,4,3,ControlMessage,1,857495,0
6,5,6,ControlMessage,1,335137,0
6,15,0,ControlMessage,1,669023218,0
6,15,14,ControlMessage,1,1368169,0
6,8,5,ControlMessage,1,665135604,0
6,12,4,ControlMessage,1,665111093,0
6,9,10,ControlMessage,1,440054,0
6,10,5,ControlMessage,1,665118121,0
6,6,10,ControlMessage,1,0,0
6,2,5,ControlMessage,1,1120395,0
6,12,12,Busy,7,472293,0
6,0,6,ControlMessage,4,3649477,0
6,5,7,ControlMessage,1,354648,0
6,14,1,ControlMessage,1,666581511,0
6,1,0,ControlMessage,1,1125246,0
6,5,5,Waiting,25,7851016,0
6,11,4,ControlMessage,1,665062774,0
6,2,11,ControlMessage,1,0,0
6,15,6,ControlMessage,1,665173447,0
6,1,2,ControlMessage,1,0,0
6,11,11,Processing,2,1106317,2000
6,12,0,DataMessage,1,667405228,1000
6,0,4,ControlMessage,4,3616805,0
6,12,0,ControlMessage,1,669054852,0
6,5,5,Processing,2,782002,2000
6,6,6,Processing,2,821910,2000
6,10,15,ControlMessage,1,497204,0
6,13,13,Processing,2,734254,2000
6,7,7,Processing,2,790474,2000
6,3,15,ControlMessage,1,0,0
6,0,14,ControlMessage,4,0,0
6,13,13,Waiting,18,5472180,0
6,15,11,ControlMessage,1,996129,0
6,8,14,ControlMessage,1,763266,0
6,7,3,ControlMessage,1,885288,0
6,12,3,ControlMessage,1,665458862,0
6,15,0,DataMessage,1,667476193,1000
6,5,11,ControlMessage,1,0,0
6,4,0,DataMessage,1,2703480,1000
6,3,6,ControlMessage,1,942094,0
6,14,11,ControlMessage,1,1937912,0
6,15,8,ControlMessage,1,924892,0
6,2,12,ControlMessage,1,0,0
6,3,7,ControlMessage,1,5860190,0
6,4,11,ControlMessage,1,0,0
6,3,12,ControlMessage,1,0,0
6,6,0,DataMessage,1,2767466,1000
6,4,4,Spinning,5,157963,0
6,4,9,ControlMessage,1,0,0
6,8,7,ControlMessage,1,670050945,0
6,2,1,ControlMessage,1,2157038,0
6,3,1,ControlMessage,1,2058556,0
6,15,15,Busy,7,393005,0
6,8,0,ControlMessage,1,668202823,0
6,0,11,ControlMessage,4,0,0
6,8,8,Spinning,5,207447,0
6,2,14,ControlMessage,1,0,0
6,2,2,Busy,7,612247,0
6,0,3,ControlMessage,4,0,0
6,15,15,Processing,2,820901,2000
6,9,4,ControlMessage,1,665256602,0
6,7,11,ControlMessage,1,0,0
6,5,10,ControlMessage,1,0,0
6,14,2,ControlMessage,1,664655474,0
6,11,2,ControlMessage,1,665294373,0
6,6,5,ControlMessage,1,251494,0
6,13,0,DataMessage,1,667529352,1000
6,14,0,ControlMessage,1,668216067,0
6,13,13,Busy,7,527683,0
6,6,6,Spinning,5,156446,0
6,6,6,Waiting,25,7768375,0
6,0,2,ControlMessage,4,0,0
6,3,3,Spinning,5,170711,0
6,3,0,ControlMessage,1,2478512,0
6,11,11,Busy,7,435201,0
6,3,0,DataMessage,1,2668578,1000
6,11,0,ControlMessage,1,668168447,0
6,1,1,Spinning,6,388636,0
6,15,5,ControlMessage,1,665103628,0
6,1,1,Waiting,18,5435356,0
6,1,5,ControlMessage,1,0,0
6,14,9,ControlMessage,1,1408926,0
6,1,4,ControlMessage,1,0,0
6,12,5,ControlMessage,1,665133854,0
6,5,13,ControlMessage,1,0,0
6,6,4,ControlMessage,1,224405,0
6,12,15,ControlMessage,1,313411,0
6,6,15,ControlMessage,1,0,0
6,14,10,ControlMessage,1,1595428,0
6,8,13,ControlMessage,1,842380,0
6,9,5,ControlMessage,1,665296218,0
6,1,1,Busy,7,286289,0
6,8,2,ControlMessage,1,665323177,0
6,2,2,Waiting,18,5218819,0
6,11,13,ControlMessage,1,812807,0
6,10,2,ControlMessage,1,665100274,0
6,8,11,ControlMessage,1,408068,0
6,15,3,ControlMessage,1,665436715,0
6,9,7,ControlMessage,1,665298743,0
6,2,10,ControlMessage,1,0,0
6,4,15,ControlMessage,1,0,0
6,0,0,Processing,30,4545034,50000
6,15,10,ControlMessage,1,1038667,0
6,7,2,ControlMessage,1,502310,0
6,0,1,ControlMessage,4,829913,0
6,2,0,DataMessage,1,2004027,1000
6,0,0,Busy,19,865886,0
6,10,13,ControlMessage,1,510001,0
6,12,10,ControlMessage,1,1069474,0
6,9,6,ControlMessage,1,665272627,0
6,7,15,ControlMessage,1,0,0
6,4,12,ControlMessage,1,0,0
6,9,14,ControlMessage,1,654018,0
6,14,0,DataMessage,1,668753683,1000
6,5,14,ControlMessage,1,0,0
6,4,2,ControlMessage,1,478819,0
6,4,1,ControlMessage,1,2121284,0
6,2,9,ControlMessage,1,0,0
6,1,6,ControlMessage,1,0,0
6,12,6,ControlMessage,1,665203529,0
6,3,2,ControlMessage,1,413605,0
6,1,0,DataMessage,1,110585,1000
6,7,0,ControlMessage,1,2252330,0
6,3,8,ControlMessage,1,0,0
6,3,13,ControlMessage,1,0,0
6,8,1,ControlMessage,1,667264824,0
6,8,8,Busy,7,503533,0
6,4,0,ControlMessage,1,2237392,0
6,11,7,ControlMessage,1,670018487,0
6,5,4,ControlMessage,1,265393,0
6,12,8,ControlMessage,1,950134,0
7,6,9,ControlMessage,1,0,0
7,8,0,DataMessage,1,668356875,1000
7,10,2,ControlMessage,1,665784433,0
7,9,9,Processing,2,1003879,2000
7,13,2,ControlMessage,1,665802884,0
7,15,12,ControlMessage,1,124841,0
7,10,1,ControlMessage,1,667572467,0
7,14,8,ControlMessage,1,666445,0
7,2,0,DataMessage,1,2067251,1000
7,4,0,ControlMessage,1,3260358,0
7,7,0,ControlMessage,1,2648495,0
7,0,14,ControlMessage,4,0,0
7,4,4,Processing,2,877381,2000
7,11,11,Waiting,18,5295886,0
7,14,5,ControlMessage,1,666189240,0
7,1,14,ControlMessage,1,0,0
7,7,12,ControlMessage,1,0,0
7,9,13,ControlMessage,1,566344,0
7,13,13,Busy,7,290093,0
7,2,8,ControlMessage,1,0,0
7,2,13,ControlMessage,1,0,0
7,5,6,ControlMessage,1,273158,0
7,2,5,ControlMessage,1,2437644,0
7,4,1,ControlMessage,1,2519975,0
7,6,13,ControlMessage,1,0,0
7,6,3,ControlMessage,1,643663,0
7,3,10,ControlMessage,1,0,0
7,1,1,Spinning,7,213245,0
7,13,14,ControlMessage,1,1526345,0
7,15,10,ControlMessage,1,497067,0
7,11,3,ControlMessage,1,665910561,0
7,3,14,ControlMessage,1,0,0
7,8,3,ControlMessage,1,665569442,0
7,7,11,ControlMessage,1,0,0
7,3,11,ControlMessage,1,0,0
7,1,1,Waiting,18,5032750,0
7,4,4,Busy,8,442119,0
7,11,15,ControlMessage,1,667414,0
7,1,1,Busy,8,873257,0
7,4,7,ControlMessage,1,913773,0
7,10,10,Spinning,6,217361,0
7,9,15,ControlMessage,1,716451,0
7,4,3,ControlMessage,1,644910,0
7,3,0,ControlMessage,1,3753435,0
7,11,11,Busy,6,337616,0
7,1,2,ControlMessage,1,81161,0
7,0,0,Waiting,15,1254750,0
7,8,12,ControlMessage,1,672418,0
7,2,10,ControlMessage,1,0,0
7,6,1,ControlMessage,1,2517561,0
7,2,2,Waiting,18,4463299,0
7,2,15,ControlMessage,1,0,0
7,14,14,Spinning,5,238799,0
7,12,12,Processing,2,807191,2000
7,12,9,ControlMessage,1,364319,0
7,1,0,ControlMessage,1,873712,0
7,4,2,ControlMessage,1,561560,0
7,11,10,ControlMessage,1,352024,0
7,13,0,ControlMessage,1,668543578,0
7,8,0,ControlMessage,1,667935955,0
7,8,2,ControlMessage,1,665178724,0
7,11,9,ControlMessage,1,391520,0
7,3,3,Spinning,5,227337,0
7,9,10,ControlMessage,1,258266,0
7,1,11,ControlMessage,1,0,0
7,1,10,ControlMessage,1,0,0
7,5,13,ControlMessage,1,0,0
7,11,2,ControlMessage,1,665522396,0
7,12,3,ControlMessage,1,665667191,0
7,11,1,ControlMessage,1,667303453,0
7,14,0,DataMessage,1,668186329,1000
7,5,3,ControlMessage,1,617270,0
7,11,0,ControlMessage,1,668271924,0
7,0,13,ControlMessage,4,0,0
7,13,10,ControlMessage,1,636321,0
7,8,9,ControlMessage,1,265417,0
7,15,15,Waiting,18,5582584,0
7,6,2,ControlMessage,1,559546,0
7,4,15,ControlMessage,1,0,0
7,10,8,ControlMessage,1,1078467,0
7,0,0,Busy,19,882095,0
7,15,15,Spinning,6,171157,0
7,2,11,ControlMessage,1,0,0
7,13,0,DataMessage,1,667054905,1000
7,5,5,Busy,8,441865,0
7,11,8,ControlMessage,1,821920,0
7,5,2,ControlMessage,1,533424,0
7,14,9,ControlMessage,1,300251,0
7,5,15,ControlMessage,1,0,0
7,7,0,DataMessage,1,3162022,1000
7,2,7,ControlMessage,1,1646098,0
7,7,9,ControlMessage,1,0,0
7,14,15,ControlMessage,1,255067,0
7,1,3,ControlMessage,1,13694,0
7,6,8,ControlMessage,1,0,0
7,4,11,ControlMessage,1,0,0
7,7,5,ControlMessage,1,146997,0
7,5,0,ControlMessage,1,3231622,0
7,13,15,ControlMessage,1,438550,0
7,12,10,ControlMessage,1,615196,0
7,5,14,ControlMessage,1,0,0
7,13,8,ControlMessage,1,1133395,0
7,7,13,ControlMessage,1,0,0
7,13,13,Spinning,6,175800,0
7,1,13,ControlMessage,1,0,0
7,7,14,ControlMessage,1,0,0
7,4,10,ControlMessage,1,0,0
7,2,0,ControlMessage,1,3778509,0
7,0,6,ControlMessage,3,0,0
7,12,11,ControlMessage,1,710624,0
7,10,10,Busy,7,283768,0
7,0,10,ControlMessage,4,0,0
7,3,13,ControlMessage,1,0,0
7,7,1,ControlMessage,1,1909161,0
7,5,8,ControlMessage,1,0,0
7,15,9,ControlMessage,1,523898,0
7,8,8,Processing,2,1244684,2000
7,11,11,Processing,2,1195765,2000
7,10,0,DataMessage,1,666885982,1000
7,4,6,ControlMessage,1,297187,0
7,9,2,ControlMessage,1,665700873,0
7,0,5,ControlMessage,3,0,0
7,2,1,ControlMessage,1,2010490,0
7,6,6,Waiting,10,3339785,0
7,14,14,Waiting,18,4693951,0
7,3,0,DataMessage,1,2033597,1000
7,3,4,ControlMessage,1,1074410,0
7,4,0,DataMessage,1,3566708,1000
7,9,14,ControlMessage,1,1618923,0
7,12,14,ControlMessage,1,1519882,0
7,14,1,ControlMessage,1,666738943,0
7,2,6,ControlMessage,1,2459805,0
7,3,7,ControlMessage,1,1623520,0
7,8,8,Busy,6,414843,0
7,10,11,ControlMessage,1,703067,0
7,3,3,Processing,2,1388757,2000
7,0,2,ControlMessage,4,0,0
7,2,9,ControlMessage,1,0,0
7,8,15,ControlMessage,1,651174,0
7,3,2,ControlMessage,1,996976,0
7,0,1,ControlMessage,4,996243,0
7,3,9,ControlMessage,1,0,0
7,7,7,Processing,2,952611,2000
7,9,8,ControlMessage,1,1014612,0
7,2,4,ControlMessage,1,1097051,0
7,3,6,ControlMessage,1,1097367,0
7,1,8,ControlMessage,1,0,0
7,14,6,ControlMessage,1,666211373,0
7,9,9,Busy,7,287507,0
7,0,0,Processing,30,4666989,50000
7,4,4,Spinning,6,183743,0
7,3,8,ControlMessage,1,0,0
7,7,4,ControlMessage,1,111044,0
7,6,7,ControlMessage,1,904452,0
7,12,12,Busy,7,282530,0
7,11,4,ControlMessage,1,665557385,0
7,14,3,ControlMessage,1,665217908,0
7,8,5,ControlMessage,1,665301184,0
7,2,2,Spinning,5,400492,0
7,5,0,DataMessage,1,3648496,1000
7,13,1,ControlMessage,1,666733277,0
7,5,1,ControlMessage,1,2491602,0
7,4,4,Waiting,10,3376923,0
7,15,15,Processing,2,882663,2000
7,7,3,ControlMessage,1,237278,0
7,7,15,ControlMessage,1,0,0
7,9,9,Spinning,6,196351,0
7,14,14,Processing,2,1436450,2000
7,6,12,ControlMessage,1,0,0
7,5,9,ControlMessage,1,0,0
7,2,2,Busy,6,273121,0
7,4,13,ControlMessage,1,0,0
7,8,4,ControlMessage,1,665251453,0
7,14,10,ControlMessage,1,338248,0
7,9,0,DataMessage,1,666965333,1000
7,11,11,Spinning,5,187570,0
7,0,7,ControlMessage,3,0,0
7,3,5,ControlMessage,1,1129178,0
7,3,1,ControlMessage,1,1979789,0
7,12,12,Spinning,6,197494,0
7,1,0,DataMessage,1,122884,1000
7,15,2,ControlMessage,1,665667434,0
7,9,3,ControlMessage,1,666092147,0
7,14,7,ControlMessage,1,665397784,0
7,2,2,Processing,2,1435016,2000
7,8,13,ControlMessage,1,675574,0
7,7,7,Waiting,9,2782188,0
7,6,10,ControlMessage,1,0,0
7,10,0,ControlMessage,1,668539726,0
7,12,2,ControlMessage,1,665777790,0
7,12,0,ControlMessage,1,668522633,0
7,10,9,ControlMessage,1,304872,0
7,11,13,ControlMessage,1,732846,0
7,8,8,Waiting,18,4899614,0
7,12,0,DataMessage,1,666917882,1000
7,10,3,ControlMessage,1,666175367,0
7,15,8,ControlMessage,1,996932,0
7,1,15,ControlMessage,1,0,0
7,15,14,ControlMessage,1,1397070,0
7,6,6,Processing,2,868134,2000
7,14,2,ControlMessage,1,664910917,0
7,4,9,ControlMessage,1,0,0
7,7,2,ControlMessage,1,151145,0
7,0,3,ControlMessage,4,0,0
7,2,12,ControlMessage,1,0,0
7,14,13,ControlMessage,1,262522,0
7,15,1,ControlMessage,1,666593314,0
7,3,15,ControlMessage,1,0,0
7,1,9,ControlMessage,1,0,0
7,14,0,ControlMessage,1,667578819,0
7,3,3,Waiting,18,4665356,0
7,6,0,ControlMessage,1,3256883,0
7,0,4,ControlMessage,3,0,0
7,7,6,ControlMessage,1,134036,0
7,6,14,ControlMessage,1,0,0
7,5,10,ControlMessage,1,0,0
7,5,7,ControlMessage,1,888936,0
7,15,15,Busy,7,269064,0
7,13,9,ControlMessage,1,385401,0
7,1,1,Processing,2,755280,2000
7,0,9,ControlMessage,4,0,0
7,4,5,ControlMessage,1,275494,0
7,4,12,ControlMessage,1,0,0
7,8,8,Spinning,5,230325,0
7,14,11,ControlMessage,1,345060,0
7,15,13,ControlMessage,1,119546,0
7,8,10,ControlMessage,1,288254,0
7,0,8,ControlMessage,4,0,0
7,13,13,Processing,2,787680,2000
7,1,12,ControlMessage,1,0,0
7,12,12,Waiting,18,5644561,0
7,5,12,ControlMessage,1,0,0
7,15,0,DataMessage,1,668815846,1000
7,8,6,ControlMessage,1,665278404,0
7,3,3,Busy,6,340584,0
7,11,12,ControlMessage,1,714047,0
7,7,10,ControlMessage,1,0,0
7,5,5,Spinning,6,189322,0
7,0,12,ControlMessage,4,0,0
7,0,11,ControlMessage,4,0,0
7,11,0,DataMessage,1,668781930,1000
7,6,0,DataMessage,1,3676639,1000
7,5,4,ControlMessage,1,228477,0
7,15,3,ControlMessage,1,665557177,0
7,5,11,ControlMessage,1,0,0
7,4,14,ControlMessage,1,0,0
7,10,13,ControlMessage,1,645408,0
7,9,12,ControlMessage,1,537634,0
7,11,14,ControlMessage,1,1435757,0
7,9,1,ControlMessage,1,667493244,0
7,13,12,ControlMessage,1,258010,0
7,8,11,ControlMessage,1,147239,0
7,10,12,ControlMessage,1,616949,0
7,6,15,ControlMessage,1,0,0
7,10,10,Processing,2,892874,2000
7,6,5,ControlMessage,1,266629,0
7,14,4,ControlMessage,1,666161151,0
7,6,6,Spinning,6,191367,0
7,7,8,ControlMessage,1,0,0
7,10,14,ControlMessage,1,1701865,0
7,2,3,ControlMessage,1,952044,0
7,14,12,ControlMessage,1,259257,0
7,9,0,ControlMessage,1,668455215,0
7,10,10,Waiting,18,5490445,0
7,5,5,Processing,2,868595,2000
7,2,14,ControlMessage,1,0,0
7,8,1,ControlMessage,1,666974775,0
7,9,9,Waiting,18,5415566,0
7,13,13,Waiting,18,5713190,0
7,12,8,ControlMessage,1,1109554,0
7,14,14,Busy,6,377735,0
7,15,0,ControlMessage,1,668403514,0
7,9,11,ControlMessage,1,635721,0
7,7,7,Busy,7,386375,0
7,3,12,ControlMessage,1,0,0
7,6,4,ControlMessage,1,243911,0
7,12,13,ControlMessage,1,235153,0
7,11,6,ControlMessage,1,665583967,0
7,12,1,ControlMessage,1,666706354,0
7,8,14,ControlMessage,1,1132351,0
7,0,0,Spinning,5,142056,0
7,15,11,ControlMessage,1,591819,0
7,10,15,ControlMessage,1,795602,0
7,5,5,Waiting,10,3348067,0
7,7,7,Spinning,5,207953,0
7,8,7,ControlMessage,1,665795060,0
7,6,11,ControlMessage,1,0,0
7,13,11,ControlMessage,1,731487,0
7,12,15,ControlMessage,1,433412,0
7,4,8,ControlMessage,1,0,0
7,6,6,Busy,8,455755,0
7,0,15,ControlMessage,4,0,0
7,13,3,ControlMessage,1,665692189,0
7,11,5,ControlMessage,1,665606972,0
8,5,6,ControlMessage,1,251873,0
8,3,4,ControlMessage,1,999422,0
8,14,0,DataMessage,1,669325634,1000
8,12,12,Spinning,6,180754,0
8,3,8,ControlMessage,1,0,0
8,13,13,Processing,2,760137,2000
8,3,3,Processing,2,850525,2000
8,9,9,Spinning,6,209161,0
8,2,2,Busy,6,398178,0
8,2,2,Spinning,5,303534,0
8,10,11,ControlMessage,1,864133,0
8,6,12,ControlMessage,1,0,0
8,5,0,ControlMessage,1,2192462,0
8,13,11,ControlMessage,1,897708,0
8,3,11,ControlMessage,1,0,0
8,5,8,ControlMessage,1,0,0
8,1,7,ControlMessage,1,0,0
8,3,3,Waiting,17,5100261,0
8,2,10,ControlMessage,1,0,0
8,8,11,ControlMessage,1,173592,0
8,0,14,ControlMessage,3,0,0
8,11,9,ControlMessage,1,388073,0
8,6,9,ControlMessage,1,0,0
8,8,2,ControlMessage,1,665027055,0
8,5,1,ControlMessage,1,2024919,0
8,9,15,ControlMessage,1,896541,0
8,10,12,ControlMessage,1,918561,0
8,7,6,ControlMessage,1,246097,0
8,5,14,ControlMessage,1,0,0
8,5,12,ControlMessage,1,0,0
8,5,5,Waiting,17,5253375,0
8,12,13,ControlMessage,1,232616,0
8,3,0,DataMessage,1,3242169,1000
8,13,8,ControlMessage,1,1379691,0
8,14,14,Waiting,17,4062196,0
8,11,0,DataMessage,1,670171726,1000
8,0,11,ControlMessage,3,0,0
8,1,6,ControlMessage,1,0,0
8,7,15,ControlMessage,1,0,0
8,3,3,Spinning,5,219343,0
8,13,6,ControlMessage,1,665284563,0
8,14,0,ControlMessage,1,668782784,0
8,7,7,Busy,6,244847,0
8,2,2,Waiting,17,5090705,0
8,8,13,ControlMessage,1,618044,0
8,10,8,ControlMessage,1,1255837,0
8,10,13,ControlMessage,1,853470,0
8,4,8,ControlMessage,1,0,0
8,6,14,ControlMessage,1,0,0
8,9,3,ControlMessage,1,665303926,0
8,5,7,ControlMessage,1,532516,0
8,1,4,ControlMessage,1,0,0
8,7,11,ControlMessage,1,0,0
8,10,5,ControlMessage,1,665343006,0
8,4,5,ControlMessage,1,264915,0
8,6,4,ControlMessage,1,337514,0
8,0,9,ControlMessage,3,0,0
8,8,3,ControlMessage,1,665102675,0
8,6,6,Waiting,17,5361968,0
8,8,15,ControlMessage,1,633546,0
8,11,11,Busy,6,323226,0
8,6,11,ControlMessage,1,0,0
8,0,12,ControlMessage,3,0,0
8,7,4,ControlMessage,1,256213,0
8,0,0,Spinning,5,174343,0
8,10,10,Processing,2,831794,2000
8,2,13,ControlMessage,1,0,0
8,2,9,ControlMessage,1,0,0
8,1,1,Busy,6,262434,0
8,1,10,ControlMessage,1,0,0
8,8,12,ControlMessage,1,611780,0
8,12,15,ControlMessage,1,261016,0
8,3,9,ControlMessage,1,0,0
8,1,8,ControlMessage,1,0,0
8,6,2,ControlMessage,1,268092,0
8,9,6,ControlMessage,1,665388348,0
8,0,5,ControlMessage,3,0,0
8,6,13,ControlMessage,1,0,0
8,4,13,ControlMessage,1,0,0
8,12,0,ControlMessage,1,669899381,0
8,2,8,ControlMessage,1,0,0
8,2,6,ControlMessage,1,1451384,0
8,11,14,ControlMessage,1,1730145,0
8,14,13,ControlMessage,1,333391,0
8,13,14,ControlMessage,1,1761946,0
8,1,11,ControlMessage,1,0,0
8,14,3,ControlMessage,1,665012117,0
8,12,6,ControlMessage,1,665265812,0
8,8,9,ControlMessage,1,341267,0
8,8,10,ControlMessage,1,338475,0
8,11,2,ControlMessage,1,664773221,0
8,9,1,ControlMessage,1,667166006,0
8,12,4,ControlMessage,1,665279861,0
8,10,15,ControlMessage,1,855190,0
8,3,1,ControlMessage,1,2069914,0
8,10,3,ControlMessage,1,665263990,0
8,13,9,ControlMessage,1,705757,0
8,8,6,ControlMessage,1,665088944,0
8,7,14,ControlMessage,1,0,0
8,0,13,ControlMessage,3,0,0
8,12,12,Waiting,17,5329485,0
8,8,14,ControlMessage,1,1385631,0
8,13,13,Busy,7,264881,0
8,13,3,ControlMessage,1,665555674,0
8,6,5,ControlMessage,1,333997,0
8,15,5,ControlMessage,1,665227445,0
8,10,4,ControlMessage,1,665345607,0
8,14,1,ControlMessage,1,666915632,0
8,11,6,ControlMessage,1,665209749,0
8,5,0,DataMessage,1,2754790,1000
8,15,0,DataMessage,1,667691611,1000
8,2,11,ControlMessage,1,0,0
8,6,8,ControlMessage,1,0,0
8,3,7,ControlMessage,1,1355248,0
8,11,7,ControlMessage,1,665481007,0
8,12,0,DataMessage,1,667636016,1000
8,1,0,ControlMessage,1,1312653,0
8,15,4,ControlMessage,1,665248278,0
8,1,1,Spinning,5,345733,0
8,13,12,ControlMessage,1,267650,0
8,15,8,ControlMessage,1,1332956,0
8,7,0,DataMessage,1,2771879,1000
8,0,2,ControlMessage,3,0,0
8,4,10,ControlMessage,1,0,0
8,12,9,ControlMessage,1,687449,0
8,6,6,Spinning,5,168180,0
8,11,11,Processing,2,1113453,2000
8,6,1,ControlMessage,1,2104735,0
8,8,0,DataMessage,1,669743019,1000
8,7,13,ControlMessage,1,0,0
8,8,8,Processing,2,1268393,2000
8,14,12,ControlMessage,1,276689,0
8,5,4,ControlMessage,1,269106,0
8,4,4,Processing,2,748380,2000
8,8,7,ControlMessage,1,665132799,0
8,12,7,ControlMessage,1,665348912,0
8,6,6,Busy,6,237217,0
8,3,12,ControlMessage,1,0,0
8,8,8,Busy,6,398667,0
8,14,9,ControlMessage,1,462486,0
8,13,10,ControlMessage,1,672118,0
8,12,3,ControlMessage,1,665535926,0
8,4,3,ControlMessage,1,324084,0
8,14,6,ControlMessage,1,665324377,0
8,6,3,ControlMessage,1,416048,0
8,7,5,ControlMessage,1,253115,0
8,10,7,ControlMessage,1,665430749,0
8,9,9,Waiting,17,5037479,0
8,2,14,ControlMessage,1,0,0
8,4,4,Busy,6,240994,0
8,2,1,ControlMessage,1,2241841,0
8,9,7,ControlMessage,1,665471812,0
8,5,10,ControlMessage,1,0,0
8,14,7,ControlMessage,1,665244077,0
8,1,1,Processing,2,679581,2000
8,15,11,ControlMessage,1,845878,0
8,7,7,Waiting,17,5236488,0
8,9,12,ControlMessage,1,959883,0
8,10,14,ControlMessage,1,2068291,0
8,3,2,ControlMessage,1,457776,0
8,7,3,ControlMessage,1,325543,0
8,14,2,ControlMessage,1,664946180,0
8,4,6,ControlMessage,1,250863,0
8,4,9,ControlMessage,1,0,0
8,2,5,ControlMessage,1,1172500,0
8,5,11,ControlMessage,1,0,0
8,8,0,ControlMessage,1,669279955,0
8,6,0,DataMessage,1,2711230,1000
8,14,14,Spinning,5,304481,0
8,0,6,ControlMessage,3,0,0
8,10,0,ControlMessage,1,669970845,0
8,13,2,ControlMessage,1,665507189,0
8,11,12,ControlMessage,1,727495,0
8,15,3,ControlMessage,1,665503646,0
8,6,7,ControlMessage,1,542880,0
8,3,6,ControlMessage,1,989256,0
8,3,5,ControlMessage,1,990785,0
8,1,5,ControlMessage,1,0,0
8,0,0,Processing,27,4507538,50000
8,14,4,ControlMessage,1,665219788,0
8,0,0,Busy,15,794668,0
8,4,0,DataMessage,1,2632086,1000
8,0,8,ControlMessage,3,0,0
8,10,6,ControlMessage,1,665347484,0
8,2,4,ControlMessage,1,1169727,0
8,0,1,ControlMessage,3,720863,0
8,12,5,ControlMessage,1,665261275,0
8,0,0,Waiting,15,1049272,0
8,7,2,ControlMessage,1,177699,0
8,15,1,ControlMessage,1,667422694,0
8,7,7,Spinning,5,223727,0
8,9,5,ControlMessage,1,665382709,0
8,1,12,ControlMessage,1,0,0
8,9,9,Processing,2,835736,2000
8,15,9,ControlMessage,1,653567,0
8,3,15,ControlMessage,1,0,0
8,2,15,ControlMessage,1,0,0
8,13,13,Waiting,17,5421586,0
8,9,0,ControlMessage,1,670011105,0
8,12,2,ControlMessage,1,665487310,0
8,11,0,ControlMessage,1,669628334,0
8,2,0,ControlMessage,1,3045598,0
8,12,12,Busy,7,367638,0
8,7,10,ControlMessage,1,0,0
8,1,2,ControlMessage,1,0,0
8,11,11,Waiting,17,4859573,0
8,14,5,ControlMessage,1,665274633,0
8,2,2,Processing,2,745550,2000
8,14,14,Busy,6,473457,0
8,4,4,Waiting,17,5227172,0
8,7,1,ControlMessage,1,2014202,0
8,8,1,ControlMessage,1,667032375,0
8,15,15,Waiting,17,5235932,0
8,3,0,ControlMessage,1,2874326,0
8,10,9,ControlMessage,1,284434,0
8,5,13,ControlMessage,1,0,0
8,14,8,ControlMessage,1,649054,0
8,8,8,Waiting,17,4432806,0
8,9,10,ControlMessage,1,271423,0
8,14,15,ControlMessage,1,246617,0
8,11,3,ControlMessage,1,664921460,0
8,14,11,ControlMessage,1,520685,0
8,11,5,ControlMessage,1,665193939,0
8,4,0,ControlMessage,1,2181087,0
8,10,0,DataMessage,1,667630105,1000
8,13,0,DataMessage,1,667625511,1000
8,7,8,ControlMessage,1,0,0
8,14,10,ControlMessage,1,524029,0
8,11,4,ControlMessage,1,665194280,0
8,15,0,ControlMessage,1,669866011,0
8,6,0,ControlMessage,1,2273101,0
8,5,2,ControlMessage,1,188269,0
8,1,0,DataMessage,1,210141,1000
8,15,15,Spinning,6,179202,0
8,4,1,ControlMessage,1,2013371,0
8,12,1,ControlMessage,1,667455127,0
8,0,15,ControlMessage,3,0,0
8,9,4,ControlMessage,1,665385322,0
8,9,13,ControlMessage,1,894787,0
8,5,9,ControlMessage,1,0,0
8,10,10,Busy,7,400546,0
8,9,14,ControlMessage,1,2104802,0
8,2,0,DataMessage,1,2113203,1000
8,1,9,ControlMessage,1,0,0
8,15,13,ControlMessage,1,195500,0
8,11,13,ControlMessage,1,818344,0
8,11,15,ControlMessage,1,710527,0
8,1,14,ControlMessage,1,0,0
8,10,2,ControlMessage,1,665115767,0
8,9,0,DataMessage,1,667713839,1000
8,7,7,Processing,2,773613,2000
8,3,10,ControlMessage,1,0,0
8,2,7,ControlMessage,1,1537264,0
8,13,0,ControlMessage,1,669918312,0
8,15,7,ControlMessage,1,665357500,0
8,6,10,ControlMessage,1,0,0
8,12,14,ControlMessage,1,1758096,0
8,7,0,ControlMessage,1,2182243,0
8,5,5,Busy,6,240453,0
8,1,1,Waiting,17,5270192,0
8,13,15,ControlMessage,1,268235,0
8,10,10,Waiting,17,4943384,0
8,11,11,Spinning,5,206058,0
8,3,14,ControlMessage,1,0,0
8,8,8,Spinning,5,254960,0
8,12,10,ControlMessage,1,653132,0
8,1,13,ControlMessage,1,0,0
8,5,3,ControlMessage,1,336235,0
8,13,4,ControlMessage,1,665300446,0
8,14,14,Processing,2,1613310,2000
8,4,14,ControlMessage,1,0,0
8,2,3,ControlMessage,1,904635,0
8,0,10,ControlMessage,3,0,0
8,12,12,Processing,2,798872,2000
8,5,5,Spinning,5,172550,0
8,15,10,ControlMessage,1,619873,0
8,4,4,Spinning,5,167489,0
8,9,2,ControlMessage,1,665155594,0
8,12,11,ControlMessage,1,879590,0
8,10,1,ControlMessage,1,667126107,0
8,1,15,ControlMessage,1,0,0
8,7,9,ControlMessage,1,0,0
8,8,4,ControlMessage,1,665071817,0
8,1,3,ControlMessage,1,0,0
8,15,15,Processing,2,812684,2000
8,15,2,ControlMessage,1,665455355,0
8,10,10,Spinning,6,333339,0
8,9,8,ControlMessage,1,1292486,0
8,0,4,ControlMessage,3,0,0
8,4,12,ControlMessage,1,0,0
8,7,12,ControlMessage,1,0,0
8,5,15,ControlMessage,1,0,0
8,11,1,ControlMessage,1,666783493,0
8,4,11,ControlMessage,1,0,0
8,4,2,ControlMessage,1,175780,0
8,0,7,ControlMessage,3,0,0
8,11,10,ControlMessage,1,347607,0
8,13,5,ControlMessage,1,665279767,0
8,6,6,Processing,2,750813,2000
8,15,15,Busy,7,381787,0
8,15,12,ControlMessage,1,220395,0
8,6,15,ControlMessage,1,0,0
8,4,7,ControlMessage,1,535212,0
8,9,9,Busy,7,411610,0
8,12,8,ControlMessage,1,1340044,0
8,13,13,Spinning,6,164449,0
8,8,5,ControlMessage,1,665107857,0
8,13,1,ControlMessage,1,667474850,0
8,15,6,ControlMessage,1,665233016,0
8,15,14,ControlMessage,1,1749942,0
8,4,15,ControlMessage,1,0,0
8,0,3,ControlMessage,3,0,0
8,11,8,ControlMessage,1,915872,0
8,3,3,Busy,6,265881,0
8,2,12,ControlMessage,1,0,0
8,13,7,ControlMessage,1,665367480,0
8,9,11,ControlMessage,1,900995,0
8,5,5,Processing,2,754179,2000
8,3,13,ControlMessage,1,0,0
9,4,13,ControlMessage,1,0,0
9,7,7,Busy,6,290115,0
9,10,10,Busy,7,366571,0
9,12,4,ControlMessage,1,665073005,0
9,5,1,ControlMessage,1,2571659,0
9,1,4,ControlMessage,1,0,0
9,9,5,ControlMessage,1,665191456,0
9,5,9,ControlMessage,1,0,0
9,8,11,ControlMessage,1,238829,0
9,12,11,ControlMessage,1,736633,0
9,6,8,ControlMessage,1,0,0
9,13,8,ControlMessage,1,610849,0
9,7,14,ControlMessage,1,0,0
9,6,12,ControlMessage,1,0,0
9,11,6,ControlMessage,1,665201957,0
9,2,3,ControlMessage,1,1258059,0
9,15,6,ControlMessage,1,665135920,0
9,10,5,ControlMessage,1,665318533,0
9,15,2,ControlMessage,1,665063568,0
9,13,0,DataMessage,1,669244710,1000
9,2,2,Busy,6,522673,0
9,4,4,Processing,2,870253,2000
9,8,8,Processing,2,1225006,2000
9,11,15,ControlMessage,1,700585,0
9,13,15,ControlMessage,1,273692,0
9,14,6,ControlMessage,1,664984644,0
9,2,11,ControlMessage,1,0,0
9,15,0,DataMessage,1,667353382,1000
9,4,4,Spinning,5,171144,0
9,10,13,ControlMessage,1,1946653,0
9,4,6,ControlMessage,1,306981,0
9,5,11,ControlMessage,1,0,0
9,10,1,ControlMessage,1,666900987,0
9,13,7,ControlMessage,1,664928637,0
9,5,3,ControlMessage,1,800389,0
9,6,6,Spinning,5,173227,0
9,11,0,ControlMessage,1,668998144,0
9,8,13,ControlMessage,1,1333831,0
9,7,0,DataMessage,1,4962275,1000
9,6,6,Processing,2,814082,2000
9,12,0,DataMessage,1,667273239,1000
9,3,15,ControlMessage,1,0,0
9,8,12,ControlMessage,1,680634,0
9,5,2,ControlMessage,1,570702,0
9,11,3,ControlMessage,1,665196006,0
9,7,4,ControlMessage,1,50232,0
9,2,0,DataMessage,1,2148486,1000
9,15,12,ControlMessage,1,265055,0
9,14,15,ControlMessage,1,227702,0
9,1,2,ControlMessage,1,0,0
9,2,2,Spinning,5,166811,0
9,7,1,ControlMessage,1,2338850,0
9,14,14,Waiting,17,4584880,0
9,12,9,ControlMessage,1,648678,0
9,13,14,ControlMessage,1,212862,0
9,8,8,Spinning,5,256972,0
9,12,12,Waiting,17,4864040,0
9,14,14,Spinning,5,309301,0
9,15,15,Processing,2,822725,2000
9,0,2,ControlMessage,3,0,0
9,0,5,ControlMessage,3,0,0
9,2,6,ControlMessage,1,1264102,0
9,5,10,ControlMessage,1,0,0
9,14,11,ControlMessage,1,530239,0
9,11,13,ControlMessage,1,1618445,0
9,9,2,ControlMessage,1,665002964,0
9,2,1,ControlMessage,1,2538498,0
9,1,9,ControlMessage,1,0,0
9,14,13,ControlMessage,1,952995,0
9,13,4,ControlMessage,1,664877500,0
9,5,5,Spinning,5,169966,0
9,12,12,Busy,8,474411,0
9,13,12,ControlMessage,1,280447,0
9,13,3,ControlMessage,1,664675443,0
9,3,3,Waiting,17,5009002,0
9,15,7,ControlMessage,1,665623986,0
9,3,2,ControlMessage,1,373637,0
9,12,0,ControlMessage,1,669092080,0
9,10,11,ControlMessage,1,857482,0
9,6,1,ControlMessage,1,2569967,0
9,9,9,Processing,2,813112,2000
9,11,9,ControlMessage,1,222784,0
9,0,13,ControlMessage,3,0,0
9,5,5,Waiting,17,5263613,0
9,2,9,ControlMessage,1,0,0
9,9,14,ControlMessage,1,1531874,0
9,4,12,ControlMessage,1,0,0
9,1,1,Busy,6,242174,0
9,11,10,ControlMessage,1,315983,0
9,9,9,Spinning,7,288504,0
9,4,14,ControlMessage,1,0,0
9,1,10,ControlMessage,1,0,0
9,8,1,ControlMessage,1,666986051,0
9,5,5,Processing,2,854113,2000
9,13,5,ControlMessage,1,664928552,0
9,15,15,Waiting,17,4935894,0
9,8,0,ControlMessage,1,668708378,0
9,14,8,ControlMessage,1,927957,0
9,0,6,ControlMessage,3,0,0
9,12,6,ControlMessage,1,665112955,0
9,7,8,ControlMessage,1,0,0
9,1,14,ControlMessage,1,0,0
9,6,0,ControlMessage,1,4610412,0
9,15,10,ControlMessage,1,467187,0
9,7,15,ControlMessage,1,0,0
9,10,9,ControlMessage,1,113907,0
9,12,3,ControlMessage,1,665287905,0
9,8,14,ControlMessage,1,1091384,0
9,14,7,ControlMessage,1,665049146,0
9,14,3,ControlMessage,1,665015123,0
9,1,6,ControlMessage,1,0,0
9,10,10,Spinning,6,236008,0
9,4,1,ControlMessage,1,2569631,0
9,15,1,ControlMessage,1,667063920,0
9,3,12,ControlMessage,1,0,0
9,2,7,ControlMessage,1,1621253,0
9,4,9,ControlMessage,1,0,0
9,5,14,ControlMessage,1,0,0
9,6,13,ControlMessage,1,0,0
9,0,0,Processing,27,4441112,50000
9,10,8,ControlMessage,1,1162973,0
9,12,7,ControlMessage,1,665601233,0
9,2,8,ControlMessage,1,0,0
9,9,9,Waiting,17,4966839,0
9,14,5,ControlMessage,1,664993507,0
9,15,15,Spinning,7,232099,0
9,3,7,ControlMessage,1,1420791,0
9,11,0,DataMessage,1,669588814,1000
9,9,9,Busy,8,431507,0
9,2,2,Processing,2,698933,2000
9,4,4,Busy,6,249812,0
9,11,11,Busy,6,279715,0
9,1,8,ControlMessage,1,0,0
9,1,5,ControlMessage,1,0,0
9,1,7,ControlMessage,1,0,0
9,4,0,ControlMessage,1,4610464,0
9,4,8,ControlMessage,1,0,0
9,15,11,ControlMessage,1,764187,0
9,0,0,Busy,15,890603,0
9,12,14,ControlMessage,1,989371,0
9,11,14,ControlMessage,1,1045750,0
9,12,13,ControlMessage,1,1497454,0
9,5,15,ControlMessage,1,0,0
9,14,0,DataMessage,1,669231745,1000
9,8,6,ControlMessage,1,665036235,0
9,11,5,ControlMessage,1,665155084,0
9,9,7,ControlMessage,1,665562396,0
9,9,10,ControlMessage,1,397231,0
9,13,2,ControlMessage,1,664455371,0
9,7,0,ControlMessage,1,4379265,0
9,6,2,ControlMessage,1,568994,0
9,3,3,Spinning,5,192660,0
9,6,6,Busy,6,260511,0
9,4,10,ControlMessage,1,0,0
9,10,12,ControlMessage,1,840269,0
9,10,14,ControlMessage,1,1377864,0
9,0,12,ControlMessage,3,0,0
9,7,11,ControlMessage,1,0,0
9,11,12,ControlMessage,1,718017,0
9,8,2,ControlMessage,1,665100908,0
9,9,6,ControlMessage,1,665211519,0
9,5,6,ControlMessage,1,296079,0
9,11,1,ControlMessage,1,666792318,0
9,13,13,Spinning,5,257588,0
9,13,13,Processing,2,1739285,2000
9,7,7,Processing,2,914049,2000
9,5,12,ControlMessage,1,0,0
9,11,4,ControlMessage,1,665150329,0
9,7,13,ControlMessage,1,0,0
9,14,9,ControlMessage,1,319960,0
9,13,10,ControlMessage,1,303438,0
9,11,7,ControlMessage,1,665507106,0
9,5,7,ControlMessage,1,646924,0
9,1,1,Processing,2,694924,2000
9,4,0,DataMessage,1,2629710,1000
9,9,1,ControlMessage,1,667059684,0
9,5,5,Busy,6,247725,0
9,13,11,ControlMessage,1,321445,0
9,2,0,ControlMessage,1,3037794,0
9,12,1,ControlMessage,1,667041183,0
9,0,3,ControlMessage,3,0,0
9,7,7,Spinning,5,425559,0
9,9,11,ControlMessage,1,1012310,0
9,5,8,ControlMessage,1,0,0
9,6,0,DataMessage,1,2699238,1000
9,1,13,ControlMessage,1,0,0
9,12,2,ControlMessage,1,665040486,0
9,13,13,Waiting,17,4067298,0
9,10,7,ControlMessage,1,665421707,0
9,14,0,ControlMessage,1,668548661,0
9,15,14,ControlMessage,1,1014259,0
9,15,0,ControlMessage,1,669115387,0
9,15,13,ControlMessage,1,1525227,0
9,14,4,ControlMessage,1,664978732,0
9,8,4,ControlMessage,1,665045021,0
9,12,5,ControlMessage,1,665070700,0
9,7,3,ControlMessage,1,574044,0
9,3,10,ControlMessage,1,0,0
9,4,11,ControlMessage,1,0,0
9,0,15,ControlMessage,3,0,0
9,15,3,ControlMessage,1,665313609,0
9,7,5,ControlMessage,1,67310,0
9,13,1,ControlMessage,1,666480602,0
9,8,5,ControlMessage,1,665059409,0
9,3,6,ControlMessage,1,1075771,0
9,0,7,ControlMessage,3,0,0
9,7,10,ControlMessage,1,0,0
9,2,14,ControlMessage,1,0,0
9,3,3,Processing,2,935114,2000
9,13,0,ControlMessage,1,668212089,0
9,10,15,ControlMessage,1,821333,0
9,11,11,Processing,2,1034226,2000
9,8,10,ControlMessage,1,360017,0
9,11,11,Waiting,17,4687390,0
9,4,3,ControlMessage,1,792584,0
9,12,10,ControlMessage,1,444213,0
9,13,6,ControlMessage,1,664933491,0
9,3,0,ControlMessage,1,2848170,0
9,5,0,DataMessage,1,2579493,1000
9,1,1,Waiting,17,5433541,0
9,7,12,ControlMessage,1,0,0
9,9,13,ControlMessage,1,2101795,0
9,0,0,Spinning,5,180085,0
9,4,15,ControlMessage,1,0,0
9,9,12,ControlMessage,1,681636,0
9,6,4,ControlMessage,1,273585,0
9,1,0,ControlMessage,1,1224949,0
9,3,0,DataMessage,1,3140030,1000
9,13,13,Busy,6,407763,0
9,2,2,Waiting,17,5084480,0
9,10,4,ControlMessage,1,665322575,0
9,5,0,ControlMessage,1,4612218,0
9,3,4,ControlMessage,1,1049825,0
9,6,3,ControlMessage,1,802036,0
9,8,7,ControlMessage,1,665217625,0
9,14,14,Processing,2,1162027,2000
9,6,11,ControlMessage,1,0,0
9,14,10,ControlMessage,1,402816,0
9,15,15,Busy,8,495072,0
9,0,9,ControlMessage,3,0,0
9,6,14,ControlMessage,1,0,0
9,1,0,DataMessage,1,191309,1000
9,10,0,DataMessage,1,667493970,1000
9,0,14,ControlMessage,3,0,0
9,8,15,ControlMessage,1,671942,0
9,8,9,ControlMessage,1,249275,0
9,9,8,ControlMessage,1,1317992,0
9,1,12,ControlMessage,1,0,0
9,7,2,ControlMessage,1,337963,0
9,0,4,ControlMessage,3,0,0
9,0,10,ControlMessage,3,0,0
9,15,5,ControlMessage,1,665094006,0
9,14,1,ControlMessage,1,666815149,0
9,14,14,Busy,6,339236,0
9,3,11,ControlMessage,1,0,0
9,14,12,ControlMessage,1,226892,0
9,7,9,ControlMessage,1,0,0
9,7,7,Waiting,17,4883021,0
9,4,2,ControlMessage,1,568395,0
9,12,15,ControlMessage,1,218043,0
9,2,13,ControlMessage,1,0,0
9,13,9,ControlMessage,1,341851,0
9,3,13,ControlMessage,1,0,0
9,1,3,ControlMessage,1,0,0
9,3,3,Busy,6,304745,0
9,6,6,Waiting,17,5229231,0
9,9,3,ControlMessage,1,665224390,0
9,9,4,ControlMessage,1,665185327,0
9,2,10,ControlMessage,1,0,0
9,7,6,ControlMessage,1,67827,0
9,6,15,ControlMessage,1,0,0
9,6,5,ControlMessage,1,278497,0
9,12,12,Processing,2,855984,2000
9,10,0,ControlMessage,1,666831896,0
9,9,15,ControlMessage,1,981094,0
9,11,8,ControlMessage,1,832125,0
9,4,5,ControlMessage,1,285401,0
9,8,8,Busy,6,320313,0
9,15,4,ControlMessage,1,665096020,0
9,10,6,ControlMessage,1,665362305,0
9,3,9,ControlMessage,1,0,0
9,15,9,ControlMessage,1,671301,0
9,0,11,ControlMessage,3,0,0
9,0,8,ControlMessage,3,0,0
9,2,12,ControlMessage,1,0,0
9,15,8,ControlMessage,1,1106447,0
9,6,7,ControlMessage,1,650598,0
9,11,11,Spinning,5,226384,0
9,12,12,Spinning,7,248928,0
9,1,1,Spinning,5,153306,0
9,0,0,Waiting,15,993875,0
9,3,8,ControlMessage,1,0,0
9,6,9,ControlMessage,1,0,0
9,10,10,Processing,2,839360,2000
9,3,14,ControlMessage,1,0,0
9,10,2,ControlMessage,1,664854720,0
9,8,3,ControlMessage,1,665175746,0
9,12,8,ControlMessage,1,1079584,0
9,6,10,ControlMessage,1,0,0
9,8,8,Waiting,17,4398806,0
9,5,13,ControlMessage,1,0,0
9,1,15,ControlMessage,1,0,0
9,11,2,ControlMessage,1,664792567,0
9,14,2,ControlMessage,1,664790852,0
9,5,4,ControlMessage,1,269890,0
9,2,5,ControlMessage,1,1238324,0
9,4,7,ControlMessage,1,657841,0
9,0,1,ControlMessage,3,1133159,0
9,9,0,ControlMessage,1,666991017,0
9,8,0,DataMessage,1,669313554,1000
9,1,11,ControlMessage,1,0,0
9,3,5,ControlMessage,1,1049302,0
9,2,4,ControlMessage,1,1238161,0
9,4,4,Waiting,17,5259541,0
9,3,1,ControlMessage,1,2348619,0
9,10,10,Waiting,17,4933227,0
9,9,0,DataMessage,1,667593322,1000
9,10,3,ControlMessage,1,665068996,0
9,2,15,ControlMessage,1,0,0
10,6,7,ControlMessage,1,778033,0
10,8,1,ControlMessage,1,667097562,0
10,13,11,ControlMessage,1,572842,0
10,7,13,ControlMessage,1,0,0
10,9,10,ControlMessage,1,401571,0
10,12,12,Spinning,6,154552,0
10,10,10,Waiting,17,5154761,0
10,7,7,Spinning,5,333655,0
10,14,3,ControlMessage,1,664537942,0
10,5,1,ControlMessage,1,2447510,0
10,13,8,ControlMessage,1,952814,0
10,8,10,ControlMessage,1,211779,0
10,12,15,ControlMessage,1,320068,0
10,12,8,ControlMessage,1,1096187,0
10,9,6,ControlMessage,1,665533646,0
10,8,2,ControlMessage,1,665139197,0
10,10,4,ControlMessage,1,665513996,0
10,3,3,Processing,2,809439,2000
10,0,7,ControlMessage,3,0,0
10,1,6,ControlMessage,1,0,0
10,6,8,ControlMessage,1,0,0
10,15,6,ControlMessage,1,665302591,0
10,15,15,Processing,2,786004,2000
10,5,6,ControlMessage,1,319813,0
10,4,4,Busy,6,264513,0
10,6,1,ControlMessage,1,2454446,0
10,9,12,ControlMessage,1,907116,0
10,14,9,ControlMessage,1,409955,0
10,7,10,ControlMessage,1,0,0
10,4,15,ControlMessage,1,0,0
10,12,12,Processing,2,767669,2000
10,6,2,ControlMessage,1,494973,0
10,12,0,ControlMessage,1,666932486,0
10,11,7,ControlMessage,1,665786224,0
10,1,0,ControlMessage,1,1312008,0
10,4,0,ControlMessage,1,5023293,0
10,1,0,DataMessage,1,134148,1000
10,9,9,Spinning,5,290674,0
10,12,11,ControlMessage,1,557931,0
10,0,4,ControlMessage,3,0,0
10,6,6,Processing,2,806388,2000
10,2,3,ControlMessage,1,992895,0
10,8,0,ControlMessage,1,669654329,0
10,7,12,ControlMessage,1,0,0
10,5,15,ControlMessage,1,0,0
10,11,12,ControlMessage,1,848314,0
10,6,6,Busy,6,268811,0
10,7,1,ControlMessage,1,2153492,0
10,0,0,Busy,15,848816,0
10,6,9,ControlMessage,1,0,0
10,4,10,ControlMessage,1,0,0
10,9,2,ControlMessage,1,665341984,0
10,1,1,Spinning,5,174671,0
10,2,7,ControlMessage,1,1913486,0
10,14,0,ControlMessage,1,668370593,0
10,9,4,ControlMessage,1,665468583,0
10,1,7,ControlMessage,1,0,0
10,15,0,DataMessage,1,667680613,1000
10,0,14,ControlMessage,3,0,0
10,11,4,ControlMessage,1,665287806,0
10,6,10,ControlMessage,1,0,0
10,12,1,ControlMessage,1,666831800,0
10,4,12,ControlMessage,1,0,0
10,11,1,ControlMessage,1,667440434,0
10,6,11,ControlMessage,1,0,0
10,7,6,ControlMessage,1,377447,0
10,14,14,Waiting,17,3820593,0
10,14,11,ControlMessage,1,388134,0
10,0,0,Spinning,5,175712,0
10,11,0,ControlMessage,1,669997527,0
10,5,5,Waiting,17,5216980,0
10,5,8,ControlMessage,1,0,0
10,4,13,ControlMessage,1,0,0
10,4,11,ControlMessage,1,0,0
10,2,4,ControlMessage,1,1409362,0
10,11,0,DataMessage,1,667820347,1000
10,13,12,ControlMessage,1,374323,0
10,6,3,ControlMessage,1,549319,0
10,6,6,Waiting,17,5195359,0
10,15,7,ControlMessage,1,665493274,0
10,4,5,ControlMessage,1,324970,0
10,11,11,Waiting,17,5339224,0
10,14,2,ControlMessage,1,664468945,0
10,1,11,ControlMessage,1,0,0
10,15,10,ControlMessage,1,722564,0
10,8,13,ControlMessage,1,1141408,0
10,14,8,ControlMessage,1,423503,0
10,12,14,ControlMessage,1,1813400,0
10,9,14,ControlMessage,1,2099264,0
10,2,6,ControlMessage,1,1446283,0
10,14,15,ControlMessage,1,312862,0
10,8,12,ControlMessage,1,874246,0
10,12,9,ControlMessage,1,901825,0
10,15,12,ControlMessage,1,223433,0
10,3,15,ControlMessage,1,0,0
10,8,7,ControlMessage,1,665474433,0
10,7,5,ControlMessage,1,329831,0
10,15,13,ControlMessage,1,609625,0
10,4,7,ControlMessage,1,791223,0
10,14,14,Processing,2,1750166,2000
10,5,5,Spinning,5,169795,0
10,10,10,Processing,2,824121,2000
10,2,12,ControlMessage,1,0,0
10,14,13,ControlMessage,1,357647,0
10,10,1,ControlMessage,1,667345220,0
10,1,12,ControlMessage,1,0,0
10,10,10,Spinning,5,194055,0
10,1,4,ControlMessage,1,0,0
10,3,10,ControlMessage,1,0,0
10,1,1,Busy,6,361707,0
10,10,13,ControlMessage,1,1373701,0
10,5,11,ControlMessage,1,0,0
10,3,12,ControlMessage,1,0,0
10,1,15,ControlMessage,1,0,0
10,10,6,ControlMessage,1,665579664,0
10,14,14,Spinning,5,206054,0
10,11,11,Spinning,5,142256,0
10,0,6,ControlMessage,3,0,0
10,8,8,Waiting,17,4908203,0
10,13,0,ControlMessage,1,669544665,0
10,14,12,ControlMessage,1,283624,0
10,15,1,ControlMessage,1,667289686,0
10,15,15,Busy,7,419391,0
10,2,10,ControlMessage,1,0,0
10,3,2,ControlMessage,1,504133,0
10,6,0,ControlMessage,1,5010995,0
10,2,1,ControlMessage,1,2721895,0
10,8,11,ControlMessage,1,203178,0
10,12,0,DataMessage,1,667606182,1000
10,15,15,Waiting,17,5058749,0
10,0,10,ControlMessage,3,0,0
10,7,14,ControlMessage,1,0,0
10,4,2,ControlMessage,1,505347,0
10,13,7,ControlMessage,1,665422789,0
10,2,14,ControlMessage,1,0,0
10,9,15,ControlMessage,1,937785,0
10,5,7,ControlMessage,1,772377,0
10,7,0,DataMessage,1,5356172,1000
10,10,15,ControlMessage,1,972372,0
10,9,0,ControlMessage,1,669857309,0
10,14,0,DataMessage,1,668840777,1000
10,15,3,ControlMessage,1,665375379,0
10,12,12,Waiting,17,5040499,0
10,13,13,Processing,2,865554,2000
10,4,9,ControlMessage,1,0,0
10,6,6,Spinning,5,183044,0
10,14,6,ControlMessage,1,665181805,0
10,0,13,ControlMessage,3,0,0
10,3,14,ControlMessage,1,0,0
10,15,11,ControlMessage,1,483204,0
10,2,2,Busy,6,245795,0
10,3,3,Waiting,17,5145657,0
10,14,7,ControlMessage,1,665098664,0
10,13,4,ControlMessage,1,665161725,0
10,8,8,Spinning,5,215125,0
10,11,13,ControlMessage,1,1144276,0
10,15,8,ControlMessage,1,1024796,0
10,5,12,ControlMessage,1,0,0
10,5,4,ControlMessage,1,300648,0
10,10,3,ControlMessage,1,665440745,0
10,14,5,ControlMessage,1,665111820,0
10,2,5,ControlMessage,1,1425946,0
10,0,15,ControlMessage,3,0,0
10,6,12,ControlMessage,1,0,0
10,13,1,ControlMessage,1,667198969,0
10,13,0,DataMessage,1,667712001,1000
10,9,11,ControlMessage,1,151149,0
10,2,13,ControlMessage,1,0,0
10,1,5,ControlMessage,1,0,0
10,7,7,Processing,2,979719,2000
10,12,12,Busy,7,467388,0
10,5,0,ControlMessage,1,5004598,0
10,10,14,ControlMessage,1,2130726,0
10,10,5,ControlMessage,1,665522877,0
10,2,15,ControlMessage,1,0,0
10,9,8,ControlMessage,1,737900,0
10,11,8,ControlMessage,1,849942,0
10,11,11,Busy,6,236958,0
10,6,5,ControlMessage,1,307386,0
10,9,3,ControlMessage,1,665395787,0
10,7,4,ControlMessage,1,321745,0
10,3,6,ControlMessage,1,1267262,0
10,6,13,ControlMessage,1,0,0
10,14,1,ControlMessage,1,666454370,0
10,4,8,ControlMessage,1,0,0
10,12,3,ControlMessage,1,665443452,0
10,1,13,ControlMessage,1,0,0
10,3,7,ControlMessage,1,1735143,0
10,11,11,Processing,2,778749,2000
10,12,6,ControlMessage,1,665026427,0
10,3,8,ControlMessage,1,0,0
10,2,2,Spinning,5,146281,0
10,5,13,ControlMessage,1,0,0
10,7,15,ControlMessage,1,0,0
10,8,6,ControlMessage,1,665347865,0
10,7,0,ControlMessage,1,4710149,0
10,0,2,ControlMessage,3,0,0
10,0,12,ControlMessage,3,0,0
10,9,7,ControlMessage,1,665661788,0
10,9,5,ControlMessage,1,665477176,0
10,10,8,ControlMessage,1,769490,0
10,12,7,ControlMessage,1,665549424,0
10,13,10,ControlMessage,1,651826,0
10,15,2,ControlMessage,1,665336016,0
10,4,4,Waiting,17,5301612,0
10,15,14,ControlMessage,1,1739583,0
10,4,3,ControlMessage,1,561064,0
10,10,7,ControlMessage,1,665706540,0
10,0,0,Processing,27,4507311,50000
10,9,0,DataMessage,1,667729415,1000
10,1,8,ControlMessage,1,0,0
10,9,9,Busy,6,254120,0
10,3,3,Spinning,5,151117,0
10,7,7,Busy,6,266232,0
10,12,10,ControlMessage,1,792579,0
10,3,9,ControlMessage,1,0,0
10,13,6,ControlMessage,1,665227513,0
10,0,11,ControlMessage,3,0,0
10,5,3,ControlMessage,1,543015,0
10,3,5,ControlMessage,1,1247032,0
10,3,0,DataMessage,1,1970492,1000
10,4,4,Processing,2,792029,2000
10,4,0,DataMessage,1,2645359,1000
10,13,13,Spinning,6,209021,0
10,5,5,Busy,6,257196,0
10,8,9,ControlMessage,1,449304,0
10,5,2,ControlMessage,1,488315,0
10,13,15,ControlMessage,1,397263,0
10,1,2,ControlMessage,1,0,0
10,4,4,Spinning,5,173413,0
10,11,5,ControlMessage,1,665298780,0
10,9,1,ControlMessage,1,667300324,0
10,8,8,Processing,2,1040784,2000
10,9,9,Waiting,17,5081826,0
10,11,6,ControlMessage,1,665318807,0
10,0,8,ControlMessage,3,0,0
10,2,0,ControlMessage,1,3345953,0
10,15,9,ControlMessage,1,827242,0
10,2,8,ControlMessage,1,0,0
10,6,0,DataMessage,1,2767094,1000
10,12,13,ControlMessage,1,683485,0
10,5,5,Processing,2,802565,2000
10,12,5,ControlMessage,1,665006213,0
10,8,5,ControlMessage,1,665291220,0
10,0,5,ControlMessage,3,0,0
10,8,14,ControlMessage,1,1911786,0
10,10,11,ControlMessage,1,186661,0
10,3,13,ControlMessage,1,0,0
10,1,10,ControlMessage,1,0,0
10,1,9,ControlMessage,1,0,0
10,13,14,ControlMessage,1,1663436,0
10,4,1,ControlMessage,1,2465761,0
10,10,2,ControlMessage,1,665386908,0
10,7,3,ControlMessage,1,248916,0
10,2,9,ControlMessage,1,0,0
10,11,15,ControlMessage,1,871446,0
10,3,0,ControlMessage,1,3172211,0
10,10,12,ControlMessage,1,951817,0
10,14,4,ControlMessage,1,665116531,0
10,1,14,ControlMessage,1,0,0
10,7,11,ControlMessage,1,0,0
10,2,11,ControlMessage,1,0,0
10,3,1,ControlMessage,1,2548855,0
10,13,9,ControlMessage,1,752308,0
10,8,3,ControlMessage,1,665193138,0
10,1,3,ControlMessage,1,0,0
10,13,13,Busy,7,444716,0
10,15,15,Spinning,6,156130,0
10,8,8,Busy,6,392730,0
10,11,3,ControlMessage,1,665536053,0
10,7,8,ControlMessage,1,0,0
10,8,0,DataMessage,1,670234030,1000
10,13,5,ControlMessage,1,665171310,0
10,9,9,Processing,2,809792,2000
10,11,14,ControlMessage,1,2215846,0
10,3,11,ControlMessage,1,0,0
10,11,10,ControlMessage,1,511662,0
10,8,15,ControlMessage,1,911986,0
10,10,10,Busy,6,309749,0
10,13,2,ControlMessage,1,665250183,0
10,9,13,ControlMessage,1,1328879,0
10,10,0,DataMessage,1,667833155,1000
10,10,0,ControlMessage,1,669902165,0
10,6,15,ControlMessage,1,0,0
10,14,14,Busy,6,301051,0
10,5,14,ControlMessage,1,0,0
10,11,2,ControlMessage,1,665482183,0
10,13,13,Waiting,17,4918074,0
10,1,1,Waiting,17,5203655,0
10,4,6,ControlMessage,1,338811,0
10,12,4,ControlMessage,1,664995183,0
10,0,3,ControlMessage,3,0,0
10,2,0,DataMessage,1,2126520,1000
10,6,14,ControlMessage,1,0,0
10,15,0,ControlMessage,1,669630465,0
10,0,9,ControlMessage,3,0,0
10,14,10,ControlMessage,1,399047,0
10,6,4,ControlMessage,1,297126,0
10,7,2,ControlMessage,1,194944,0
10,13,3,ControlMessage,1,665289588,0
10,5,10,ControlMessage,1,0,0
10,12,2,ControlMessage,1,665404145,0
10,3,4,ControlMessage,1,1236394,0
10,15,4,ControlMessage,1,665237040,0
10,8,4,ControlMessage,1,665282407,0
10,15,5,ControlMessage,1,665246084,0
10,2,2,Processing,2,730442,2000
10,2,2,Waiting,17,5359149,0
10,0,0,Waiting,15,998698,0
10,5,9,ControlMessage,1,0,0
10,3,3,Busy,6,364687,0
10,0,1,ControlMessage,3,1006804,0
10,1,1,Processing,2,738303,2000
10,10,9,ControlMessage,1,656220,0
10,4,14,ControlMessage,1,0,0
10,5,0,DataMessage,1,2746926,1000
10,7,7,Waiting,17,4852316,0
10,7,9,ControlMessage,1,0,0
10,11,9,ControlMessage,1,739562,0
